LEAGUE,TEAM_1_NAME,SCORE_TEAM_1,SCORE_TEAM_2,TEAM_2_NAME,TOTAL_CORNER_TEAM_1,TOTAL_CORNER_TEAM_2,TOTAL_ATTACKS_TEAM_1,TOTAL_ATTACKS_TEAM_2,TOTAL_SHOTS_TEAM_1,TOTAL_SHOTS_TEAM_2,HALFTIME_CORNER_TEAM_1,HALFTIME_CORNER_TEAM_2,HALFTIME_ATTACKS_TEAM_1,HALFTIME_ATTACKS_TEAM_2,HALFTIME_SHOTS_TEAM_1,HALFTIME_SHOTS_TEAM_2,TOTAL_SCORE
Iceland 4 Deild,Midas,1,1,Reynir Hellissandur,4,1,38,31,9,7,2,0,21,22,4,6,2
Iceland 4 Deild,Keflavik,2,1,Berserkir,4,4,23,32,4,12,3,4,14,27,2,11,3
Iceland Premier League Women,Selfoss Women,1,1,Valur Reykjavik Women,1,4,25,46,4,8,0,2,13,33,1,3,2
Iceland Premier League Women,Throttur Reykjavik Women,1,1,Breidablik Women,1,1,22,37,7,18,1,0,13,27,4,13,2
CONCACAF Gold Cup Qualifying,Trinidad & Tobago,1,1,French Guiana,2,2,29,22,5,4,2,2,29,22,5,4,2
Iceland 4 Deild,Midas,1,1,Reynir Hellissandur,4,4,49,46,10,8,2,0,21,22,4,6,2
Iceland Premier League Women,Selfoss Women,1,2,Valur Reykjavik Women,1,6,30,57,6,12,0,2,13,33,1,3,3
Iceland Premier League Women,Throttur Reykjavik Women,2,3,Breidablik Women,2,3,29,51,10,22,1,0,13,27,4,13,5
CONCACAF Gold Cup Qualifying,Trinidad & Tobago,1,1,French Guiana,2,4,41,30,6,6,2,2,29,22,5,4,2
CONCACAF Gold Cup Qualifying,Trinidad & Tobago,1,1,French Guiana,2,6,44,39,7,9,2,2,29,22,5,4,2
Brazil Serie A,Santos,2,1,Athletico Paranaense,7,3,49,20,16,6,5,3,38,13,13,6,3
USA NPSL,FC Frederick,1,0,Philadelphia Lone Star FC,1,6,27,50,7,7,1,5,26,41,7,5,1
USA WPSL Women,Cleveland Ambassadors Women,3,0,Pittsburgh Hotspur Women FC,2,1,33,17,9,2,2,1,33,17,9,2,3
CONCACAF Gold Cup Qualifying,Haiti,3,0,Bermuda,1,0,34,24,10,1,1,0,34,24,10,1,3
USA USL League Two,Charlotte Eagles,1,0,East Atlanta FC,1,1,21,11,3,1,1,1,0,0,0,0,1
USA USL League Two,FC Malaga City NY,0,1,AC Connecticut,0,1,28,10,1,3,0,1,0,0,0,0,1
Kazakhstan Division 2,Jenis FK,2,0,FK Aksu-Pavlodar,5,3,43,37,4,2,2,3,16,22,2,0,2
Kazakhstan Division 2,FK Atyrau Reserves,2,2,Turan Turkistan Reserves,6,3,53,41,10,7,3,2,23,16,5,3,4
Norway Division 2 Group 1,Alta,2,2,Vålerenga 2,19,1,71,19,30,3,9,1,27,12,10,1,4
AFC Champions League,Ratchaburi FC,0,0,Johor Darul Takzim,5,4,47,71,8,10,3,0,25,23,3,3,0
AFC Champions League,Gamba Osaka,8,1,Tampines Rovers FC,7,2,88,34,29,10,5,2,48,12,12,5,9
Cameroon Elite One,Stade Renard de Melong,1,0,Fovu de Baham,5,6,58,53,7,3,5,3,42,23,6,1,1
Cameroon Elite One,UMS de Loum,1,2,Panthere Sportive Du Nde,2,3,66,53,6,5,1,1,19,15,1,3,3
Turkey Amateur League,Firat Universitesi GSK,0,1,Igdir Es Spor,3,4,47,45,6,5,2,1,24,19,2,2,1
Sudan League,Khartoum Al Watani,0,2,Al Hilal Omdurman,2,2,29,30,4,4,2,2,15,19,3,3,2
Europe Friendlies,FC Viktoria 1889 Berlin,2,2,Hansa Rostock,1,1,33,38,6,10,0,0,23,25,4,6,4
Norway Division 2 Group 1,Fløya,1,3,Asker,2,6,17,32,3,9,0,2,12,19,0,7,4
Europe Friendlies,Lech Poznan,1,0,Midtjylland,1,3,29,55,3,6,1,3,29,55,3,6,1
Europe Friendlies,Levski Sofia,2,0,Lokomotiv 1929 Sofia,1,2,31,35,7,2,1,2,31,35,7,2,2
Europe Friendlies,Paksi,2,0,Budaorsi SC,5,2,43,18,16,5,5,2,43,18,16,5,2
Europe Friendlies,Mlada Boleslav,3,0,AS Trencin,1,1,33,27,6,6,1,1,33,27,6,6,3
Europe Friendlies,Tallya KSE,1,0,Debreceni EAC,1,3,15,17,6,3,1,3,13,17,6,3,1
Europe Friendlies,MFK Zemplin Michalovce,0,1,Slavoj Trebisov,2,1,49,49,5,7,2,1,49,49,5,7,1
Europe Friendlies,Banik Ostrava,2,0,MFK Skalica,1,3,2,2,2,0,1,3,2,2,2,0,2
Europe Friendlies,Lens,0,1,Standard Liege,3,1,23,14,3,5,3,1,23,14,3,5,1
Norway Division 2 Group 1,Baerum,0,1,Hodd,0,2,20,33,1,9,0,2,20,33,1,9,1
Norway Division 2 Group 2,Skeid,0,0,Nardo,8,0,42,9,5,1,8,0,42,9,5,1,0
Ghana FA Cup,Elmina Sharks,0,0,Tema Youth,1,1,28,25,11,5,1,1,28,25,11,5,0
Ghana FA Cup,Medeama SC,0,0,Great Olympics,3,0,47,32,13,9,3,0,47,32,13,9,0
Europe Friendlies,Partizan Bardejov,0,0,MFK Snina,2,4,25,15,6,1,2,4,0,0,0,0,0
Cameroon Elite One,APEJES Academy,0,0,Cotonsport,1,2,11,7,7,4,1,2,0,0,0,0,0
Cameroon Elite One,Les Astres FC De Douala,0,0,Canon de Yaounde,4,1,14,11,7,4,4,1,0,0,0,0,0
Ghana FA Cup,Young Wise FC,0,0,Hearts of Oak,2,6,29,70,5,9,2,5,0,0,0,0,0
Ghana FA Cup,Kintampo FC,0,2,Tamale City,2,3,34,47,4,7,2,3,0,0,0,0,2
Ghana FA Cup,Attram De Visser,0,1,Legon Cities FC,4,6,0,0,0,1,1,6,0,0,0,0,1
Nigeria Premier League,Enyimba,1,0,Kwara United,2,3,35,34,7,7,2,3,0,0,0,0,1
Colombia U21 Championship,Caldas FC U21,1,0,Valle U21,1,5,0,0,1,0,1,5,0,0,0,0,1
Europe Friendlies,FK Cukaricki,0,0,MS Ashdod,1,2,5,9,0,1,1,2,0,0,0,0,0
Europe Friendlies,SK Lisen,1,0,FK Senica,2,0,10,7,2,0,2,0,0,0,0,0,1
Europe Friendlies,Yverdon Sport FC,0,0,Servette,0,0,2,18,0,3,0,0,0,0,0,0,0
Italy Serie D,FC Messina,0,1,Acireale,0,0,6,1,2,1,0,0,0,0,0,0,1
Finland Kolmonen,Tove,0,1,P-Iirot,0,0,1,7,0,4,0,0,0,0,0,0,1
Ecuador Segunda Division,Juventud FC,0,0,SD Quito,0,0,5,7,1,3,0,0,0,0,0,0,0
Finland Kansallinen Liiga Women,KuPS Women,1,0,Aland United Women,0,0,7,5,2,3,0,0,0,0,0,0,1
Europe Friendlies,Lech Poznan,1,1,Midtjylland,2,4,41,70,6,9,1,3,29,55,3,6,2
Europe Friendlies,Levski Sofia,3,0,Lokomotiv 1929 Sofia,5,2,49,39,9,3,1,2,31,35,7,2,3
Europe Friendlies,Paksi,3,0,Budaorsi SC,7,3,63,27,24,7,5,2,43,18,16,5,3
Europe Friendlies,Mlada Boleslav,4,0,AS Trencin,2,4,46,41,9,7,1,1,33,27,6,6,4
Europe Friendlies,Partizan Bardejov,2,0,MFK Snina,4,5,44,24,11,3,4,5,38,20,10,2,2
Europe Friendlies,Tallya KSE,1,2,Debreceni EAC,2,4,22,28,8,9,1,3,13,17,6,3,3
Europe Friendlies,MFK Zemplin Michalovce,2,1,Slavoj Trebisov,3,2,66,63,10,7,2,1,49,49,5,7,3
Europe Friendlies,Banik Ostrava,2,1,MFK Skalica,1,4,6,12,2,2,1,3,2,2,2,0,3
Europe Friendlies,Lens,0,1,Standard Liege,3,1,40,16,6,6,3,1,23,14,3,5,1
Norway Division 2 Group 1,Baerum,0,1,Hodd,0,3,34,42,1,10,0,2,20,33,1,9,1
Norway Division 2 Group 2,Skeid,1,1,Nardo,8,0,51,24,7,5,8,0,42,9,5,1,2
Cameroon Elite One,APEJES Academy,0,0,Cotonsport,2,4,14,11,8,5,1,3,11,8,7,4,0
Cameroon Elite One,Les Astres FC De Douala,1,0,Canon de Yaounde,5,1,22,13,10,4,4,1,15,12,7,4,1
Ghana FA Cup,Young Wise FC,0,0,Hearts of Oak,2,7,46,86,6,10,2,6,29,70,5,9,0
Ghana FA Cup,Elmina Sharks,0,1,Tema Youth,1,2,39,41,13,7,1,1,28,25,11,5,1
Ghana FA Cup,Kintampo FC,2,2,Tamale City,3,3,49,62,8,8,2,3,38,49,6,7,4
Ghana FA Cup,Medeama SC,0,0,Great Olympics,6,0,77,51,23,11,3,0,47,32,13,9,0
Ghana FA Cup,Attram De Visser,0,1,Legon Cities FC,6,6,0,0,0,1,4,6,0,0,0,1,1
Nigeria Premier League,Enyimba,1,0,Kwara United,3,4,47,47,7,7,2,3,35,34,7,7,1
Colombia U21 Championship,Caldas FC U21,1,0,Valle U21,1,6,0,0,1,0,1,6,0,0,1,0,1
Europe Friendlies,SK Lisen,1,1,FK Senica,2,0,24,18,3,2,2,0,22,16,3,2,2
Europe Friendlies,Yverdon Sport FC,0,0,Servette,2,0,13,28,2,4,2,0,13,28,2,4,0
Ecuador Segunda Division,Juventud FC,2,1,SD Quito,2,2,15,16,6,7,2,2,15,16,6,7,3
Finland Kansallinen Liiga Women,KuPS Women,1,1,Aland United Women,1,0,14,21,4,6,1,0,14,21,4,6,2
Europe Friendlies,FK Cukaricki,1,0,MS Ashdod,2,2,28,22,3,2,2,2,0,0,0,0,1
Italy Serie D,FC Messina,1,1,Acireale,3,0,22,8,6,3,3,0,0,0,0,0,2
Finland Kolmonen,Tove,0,2,P-Iirot,0,2,10,27,1,8,0,2,0,0,0,0,2
Lithuania II Lyga,FA Siauliai II,0,0,Panerys Vilnius,0,1,4,21,0,3,0,1,0,0,0,0,0
Europe Friendlies,KFCO Beerschot Wilrijk,0,0,Waasland-Beveren,2,0,14,12,2,3,2,0,0,0,0,0,0
UEFA Champions League Qualifying,Bodo/Glimt,0,1,Legia Warsaw,0,0,23,9,0,2,0,0,0,0,0,0,1
UEFA Champions League Qualifying,Dinamo Tbilisi,0,0,Neftchi Baku,0,2,19,10,2,0,0,2,0,0,0,0,0
Europe Friendlies,NK Lokomotiva Zagreb,1,0,HNK Gorica,0,2,11,14,2,4,0,2,0,0,0,0,1
Europe Friendlies,GKS Belchatow,1,0,KS Kutno,1,2,13,11,5,0,1,2,0,0,0,0,1
Europe Friendlies,Sint-Truidense,0,0,RWD Molenbeek,0,1,8,11,0,0,0,1,0,0,0,0,0
Europe Friendlies,Tikves Kavadarci,0,0,Rabotnicki Skopje,0,0,0,4,0,0,0,0,0,0,0,0,0
Europe Friendlies,Pecsi MFC,0,0,Szeged-Csanad Grosics,1,0,15,5,4,0,1,0,0,0,0,0,0
Europe Friendlies,Halberstadt,0,0,FC Einheit Wernigerode,3,0,17,5,7,1,3,0,0,0,0,0,0
Europe Friendlies,Zenit St Petersburg,0,0,Werder Bremen,0,0,8,10,3,7,0,0,0,0,0,0,0
Europe Friendlies,Union Furstenwalde,0,0,TeBe Berlin,0,1,5,9,2,2,0,1,0,0,0,0,0
Europe Friendlies,Auxerre,0,0,Creteil,1,0,16,4,3,1,1,0,0,0,0,0,0
Europe Friendlies,NK Nafta 1903,0,0,FC Nagykanizsa,0,0,14,11,1,3,0,0,0,0,0,0,0
Europe Friendlies,FK Austria Vienna,1,0,FK Tuzla City,1,0,17,4,4,0,1,0,0,0,0,0,1
Europe Friendlies,US Quevilly,0,1,Le Havre,0,1,11,8,0,1,0,1,0,0,0,0,1
Europe Friendlies,Charleroi,0,0,Amiens,1,1,16,11,2,4,1,1,0,0,0,0,0
Europe Friendlies,Plauen,0,0,Chemnitzer,1,3,10,17,0,0,1,3,0,0,0,0,0
Europe Friendlies,BFC Dynamo,1,0,Lichtenberg 47,1,0,15,4,5,1,1,0,0,0,0,0,1
Europe Friendlies,Club Brugge,0,1,Zulte-Waregem,3,0,12,3,1,3,3,0,0,0,0,0,1
Europe Friendlies,CSKA Sofia,0,0,FK Qarabag,2,0,12,12,4,1,2,0,0,0,0,0,0
Sweden Damallsvenskan,Vittsjö GIK Women,0,0,Kristianstads Women,0,3,4,11,1,2,0,3,0,0,0,0,0
Sweden Damallsvenskan,Linköpings FC Women,0,0,BK Hacken Women,1,0,5,10,0,2,1,0,0,0,0,0,0
Norway Division 2 Group 1,Eidsvold TF,1,0,Brattvåg,3,1,16,18,3,1,3,1,0,0,0,0,1
Norway Division 2 Group 2,Vard Haugesund,0,0,Egersunds,0,1,12,17,0,1,0,1,0,0,0,0,0
Norway Division 2 Group 2,Oygarden FK,2,0,Sotra,2,1,26,7,6,2,2,1,0,0,0,0,2
Morocco GNF 1,Youssoufia Berrechid,0,0,Renaissance Zemamra,1,0,12,10,2,2,1,0,0,0,0,0,0
Algeria Division 2,MCB Oued Sly,0,0,RC Arba,0,2,4,7,4,4,0,2,0,0,0,0,0
Peru Segunda,Pirata FC,0,0,CDC Santa Rosa,2,0,0,0,0,0,2,0,0,0,0,0,0
AFC Champions League,Chiangrai United,0,2,Jeonbuk Motors,1,2,10,13,4,3,1,2,0,0,0,0,2
Tanzania Premier League,KMC FC,0,1,Simba Sports Club,1,0,11,19,0,1,1,0,0,0,0,0,1
Finland Kolmonen,FC Kiisto,0,0,Norrvalla FF,0,0,12,15,2,1,0,0,0,0,0,0,0
Finland Kolmonen,SIF,1,0,KaIK,3,0,17,3,6,2,3,0,0,0,0,0,1
Finland Kolmonen,KJP,1,0,SavU,0,2,9,12,3,4,0,2,0,0,0,0,1
Senegal FA Cup,Espoirs Guediawaye,0,1,CNEPS,0,0,12,13,2,4,0,0,0,0,0,0,1
Iran Div 2,Melli Hafari,1,0,Iranjavan Bushehr,0,2,12,5,4,0,0,2,0,0,0,0,1
Europe Friendlies,Lech Poznan,2,1,Midtjylland,6,4,55,78,7,10,1,3,29,55,3,6,3
Europe Friendlies,Levski Sofia,4,0,Lokomotiv 1929 Sofia,8,3,58,47,15,4,1,2,31,35,7,2,4
Europe Friendlies,Paksi,3,0,Budaorsi SC,7,3,67,34,26,8,5,2,43,18,16,5,3
Europe Friendlies,Mlada Boleslav,4,0,AS Trencin,2,5,49,57,10,8,1,1,33,27,6,6,4
Europe Friendlies,Partizan Bardejov,3,0,MFK Snina,5,6,53,33,15,3,4,5,38,20,10,2,3
Europe Friendlies,MFK Zemplin Michalovce,2,1,Slavoj Trebisov,5,2,79,69,13,7,2,1,49,49,5,7,3
Europe Friendlies,Banik Ostrava,2,1,MFK Skalica,2,4,11,15,5,2,1,3,2,2,2,0,3
Europe Friendlies,Lens,0,1,Standard Liege,3,1,42,18,7,6,3,1,23,14,3,5,1
Norway Division 2 Group 1,Baerum,0,1,Hodd,0,3,45,44,1,11,0,2,20,33,1,9,1
Norway Division 2 Group 2,Skeid,1,1,Nardo,11,1,62,30,10,5,8,0,42,9,5,1,2
Cameroon Elite One,APEJES Academy,0,0,Cotonsport,2,6,16,18,9,7,1,3,11,8,7,4,0
Cameroon Elite One,Les Astres FC De Douala,1,1,Canon de Yaounde,6,2,25,16,12,7,4,1,15,12,7,4,2
Ghana FA Cup,Young Wise FC,0,1,Hearts of Oak,2,7,49,92,6,12,2,6,29,70,5,9,1
Ghana FA Cup,Elmina Sharks,0,1,Tema Youth,1,4,47,47,13,7,1,1,28,25,11,5,1
Ghana FA Cup,Kintampo FC,3,2,Tamale City,3,3,57,67,10,8,2,3,38,49,6,7,5
Ghana FA Cup,Medeama SC,0,0,Great Olympics,6,0,85,54,26,11,3,0,47,32,13,9,0
Ghana FA Cup,Attram De Visser,0,1,Legon Cities FC,6,6,9,3,3,2,4,6,0,0,0,1,1
Nigeria Premier League,Enyimba,1,0,Kwara United,3,4,56,55,7,8,2,3,35,34,7,7,1
Colombia U21 Championship,Caldas FC U21,1,0,Valle U21,1,6,0,0,1,0,1,6,0,0,1,0,1
Europe Friendlies,FK Cukaricki,1,0,MS Ashdod,2,2,30,22,4,2,2,2,30,22,4,2,1
Europe Friendlies,SK Lisen,1,1,FK Senica,2,3,30,29,5,3,2,0,22,16,3,2,2
Europe Friendlies,Yverdon Sport FC,0,0,Servette,2,0,13,28,2,4,2,0,13,28,2,4,0
Italy Serie D,FC Messina,1,1,Acireale,3,0,26,8,7,3,3,0,26,8,7,3,2
Finland Kolmonen,Tove,0,2,P-Iirot,0,2,12,36,1,8,0,2,12,36,1,8,2
Ecuador Segunda Division,Juventud FC,2,1,SD Quito,2,2,15,16,6,7,2,2,15,16,6,7,3
Finland Kansallinen Liiga Women,KuPS Women,1,1,Aland United Women,1,0,14,21,4,6,1,0,14,21,4,6,2
Lithuania II Lyga,FA Siauliai II,0,1,Panerys Vilnius,0,2,5,37,0,7,0,2,0,0,0,0,1
Europe Friendlies,KFCO Beerschot Wilrijk,0,0,Waasland-Beveren,3,0,30,14,3,3,3,0,0,0,0,0,0
UEFA Champions League Qualifying,Bodo/Glimt,0,1,Legia Warsaw,0,1,35,19,0,4,0,1,0,0,0,0,1
UEFA Champions League Qualifying,Dinamo Tbilisi,0,1,Neftchi Baku,2,2,31,14,6,2,2,2,0,0,0,0,1
Europe Friendlies,NK Lokomotiva Zagreb,1,1,HNK Gorica,1,2,16,20,2,5,1,2,0,0,0,0,2
Europe Friendlies,GKS Belchatow,1,1,KS Kutno,2,2,24,12,9,1,2,2,0,0,0,0,2
Europe Friendlies,Sint-Truidense,0,0,RWD Molenbeek,0,1,12,18,1,2,0,1,0,0,0,0,0
Europe Friendlies,Tikves Kavadarci,0,0,Rabotnicki Skopje,0,0,4,12,1,0,0,0,0,0,0,0,0
Europe Friendlies,Pecsi MFC,0,0,Szeged-Csanad Grosics,4,0,25,7,4,2,4,0,0,0,0,0,0
Europe Friendlies,Halberstadt,1,0,FC Einheit Wernigerode,3,0,25,7,12,1,3,0,0,0,0,0,1
Europe Friendlies,Zenit St Petersburg,0,1,Werder Bremen,2,1,13,15,4,9,2,1,0,0,0,0,1
Europe Friendlies,Union Furstenwalde,0,0,TeBe Berlin,0,2,11,14,3,2,0,2,0,0,0,0,0
Europe Friendlies,Auxerre,0,0,Creteil,2,0,24,11,5,1,2,0,0,0,0,0,0
Europe Friendlies,NK Nafta 1903,0,0,FC Nagykanizsa,1,0,21,16,2,3,1,0,0,0,0,0,0
Europe Friendlies,FK Austria Vienna,2,0,FK Tuzla City,1,0,22,8,6,2,1,0,0,0,0,0,2
Europe Friendlies,US Quevilly,0,1,Le Havre,1,2,20,13,0,1,1,2,0,0,0,0,1
Europe Friendlies,Charleroi,0,1,Amiens,1,3,20,22,4,5,1,3,0,0,0,0,1
Europe Friendlies,Plauen,1,0,Chemnitzer,1,3,17,28,1,0,1,3,0,0,0,0,1
Europe Friendlies,BFC Dynamo,2,0,Lichtenberg 47,2,0,23,7,7,1,2,0,0,0,0,0,2
Europe Friendlies,Club Brugge,0,1,Zulte-Waregem,6,0,17,7,5,5,6,0,0,0,0,0,1
Europe Friendlies,CSKA Sofia,0,0,FK Qarabag,2,1,17,20,4,3,2,1,0,0,0,0,0
Sweden Damallsvenskan,Vittsjö GIK Women,0,0,Kristianstads Women,1,4,9,15,3,3,1,4,0,0,0,0,0
Sweden Damallsvenskan,Linköpings FC Women,0,0,BK Hacken Women,1,0,11,26,0,6,1,0,0,0,0,0,0
Norway Division 2 Group 1,Eidsvold TF,1,0,Brattvåg,4,2,25,33,4,2,4,2,0,0,0,0,1
Norway Division 2 Group 2,Vard Haugesund,0,1,Egersunds,0,2,19,31,0,2,0,2,0,0,0,0,1
Norway Division 2 Group 2,Oygarden FK,3,0,Sotra,4,1,48,8,11,2,4,1,0,0,0,0,3
Morocco GNF 1,Youssoufia Berrechid,0,0,Renaissance Zemamra,1,0,17,18,3,5,1,0,0,0,0,0,0
Algeria Division 2,MCB Oued Sly,0,0,RC Arba,3,3,5,12,6,7,3,3,0,0,0,0,0
Peru Segunda,Pirata FC,1,0,CDC Santa Rosa,2,0,5,5,1,0,2,0,0,0,0,0,1
AFC Champions League,Chiangrai United,0,2,Jeonbuk Motors,1,5,14,26,5,5,1,5,0,0,0,0,2
Tanzania Premier League,KMC FC,0,1,Simba Sports Club,2,0,21,21,1,1,2,0,0,0,0,0,1
Finland Kolmonen,FC Kiisto,0,0,Norrvalla FF,0,1,20,25,2,3,0,1,0,0,0,0,0
Finland Kolmonen,SIF,2,0,KaIK,3,0,24,13,8,4,3,0,0,0,0,0,2
Finland Kolmonen,KJP,1,0,SavU,5,2,13,14,5,4,5,2,0,0,0,0,1
Senegal FA Cup,Espoirs Guediawaye,0,1,CNEPS,1,0,20,16,4,5,1,0,0,0,0,0,1
Iran Div 2,Melli Hafari,1,0,Iranjavan Bushehr,0,2,16,9,4,1,0,2,0,0,0,0,1
Lithuania II Lyga,FK FM Ateitis,0,0,Hegelmann Litauen II,0,0,0,0,0,0,0,0,0,0,0,0,0
UEFA Champions League Qualifying,Slovan Bratislava,0,0,Shamrock Rovers,0,0,2,0,0,0,0,0,0,0,0,0,0
Europe Friendlies,Feyenoord,1,0,FC Zurich,0,1,1,2,1,0,0,1,0,0,0,0,1
Europe Friendlies,SSVg Velbert,0,0,Bochum,0,0,0,1,0,0,0,0,0,0,0,0,0
Europe Friendlies,SV Spittal/Drau,0,0,Sparta Prague,0,0,0,1,0,0,0,0,0,0,0,0,0
Europe Friendlies,AZ,0,0,Top Oss,0,0,0,0,0,0,0,0,0,0,0,0,0
Sweden Damallsvenskan,Eskilstuna Utd Women,0,0,AIK Women,0,0,1,0,0,0,0,0,0,0,0,0,0
Sweden 2.div Västra Götaland,IK Tord,0,0,Husqvarna FF,0,0,0,2,0,0,0,0,0,0,0,0,0
Europe Friendlies,Lech Poznan,3,1,Midtjylland,8,5,63,90,8,11,1,3,29,55,3,6,4
Europe Friendlies,Levski Sofia,4,0,Lokomotiv 1929 Sofia,8,3,68,56,16,4,1,2,31,35,7,2,4
Europe Friendlies,Mlada Boleslav,5,0,AS Trencin,2,5,56,70,11,8,1,1,33,27,6,6,5
Europe Friendlies,Partizan Bardejov,3,0,MFK Snina,6,6,65,38,18,3,4,5,38,20,10,2,3
Europe Friendlies,Lens,0,1,Standard Liege,3,1,49,24,7,9,3,1,23,14,3,5,1
Norway Division 2 Group 1,Baerum,0,1,Hodd,1,3,52,52,1,12,0,2,20,33,1,9,1
Norway Division 2 Group 2,Skeid,1,1,Nardo,11,1,74,36,13,6,8,0,42,9,5,1,2
Cameroon Elite One,APEJES Academy,1,0,Cotonsport,2,6,20,20,10,8,1,3,11,8,7,4,1
Cameroon Elite One,Les Astres FC De Douala,1,1,Canon de Yaounde,7,2,31,24,13,8,4,1,15,12,7,4,2
Ghana FA Cup,Young Wise FC,0,1,Hearts of Oak,2,8,60,107,6,15,2,6,29,70,5,9,1
Ghana FA Cup,Elmina Sharks,1,1,Tema Youth,2,4,55,52,15,8,1,1,28,25,11,5,2
Ghana FA Cup,Kintampo FC,3,2,Tamale City,3,3,61,78,11,8,2,3,38,49,6,7,5
Ghana FA Cup,Medeama SC,0,0,Great Olympics,7,0,101,56,29,11,3,0,47,32,13,9,0
Ghana FA Cup,Attram De Visser,0,1,Legon Cities FC,8,7,17,11,4,3,4,6,0,0,0,1,1
Nigeria Premier League,Enyimba,1,0,Kwara United,3,4,65,66,10,9,2,3,35,34,7,7,1
Colombia U21 Championship,Caldas FC U21,2,0,Valle U21,1,6,3,4,2,0,1,6,0,0,1,0,2
Europe Friendlies,FK Cukaricki,1,0,MS Ashdod,2,2,31,30,4,3,2,2,30,22,4,2,1
Europe Friendlies,SK Lisen,2,1,FK Senica,4,3,38,35,6,3,2,0,22,16,3,2,3
Europe Friendlies,Yverdon Sport FC,0,0,Servette,2,1,22,36,5,5,2,0,13,28,2,4,0
Italy Serie D,FC Messina,1,1,Acireale,3,0,30,9,7,4,3,0,26,8,7,3,2
Finland Kolmonen,Tove,0,2,P-Iirot,0,2,13,37,1,8,0,2,12,36,1,8,2
Ecuador Segunda Division,Juventud FC,2,1,SD Quito,2,3,17,20,6,8,2,2,15,16,6,7,3
Finland Kansallinen Liiga Women,KuPS Women,1,2,Aland United Women,1,0,20,24,4,8,1,0,14,21,4,6,3
Europe Friendlies,KFCO Beerschot Wilrijk,0,0,Waasland-Beveren,5,0,44,18,5,3,5,0,44,18,5,3,0
Europe Friendlies,CSKA Sofia,0,0,FK Qarabag,2,2,23,27,6,5,2,2,23,27,6,5,0
Lithuania II Lyga,FA Siauliai II,0,1,Panerys Vilnius,2,4,17,52,2,12,2,4,0,0,0,0,1
UEFA Champions League Qualifying,Bodo/Glimt,0,2,Legia Warsaw,0,2,46,23,0,7,0,2,0,0,0,0,2
UEFA Champions League Qualifying,Dinamo Tbilisi,1,1,Neftchi Baku,4,2,46,21,8,4,4,2,0,0,0,0,2
Europe Friendlies,NK Lokomotiva Zagreb,1,1,HNK Gorica,1,2,22,26,3,6,1,2,0,0,0,0,2
Europe Friendlies,GKS Belchatow,1,1,KS Kutno,3,2,33,25,13,3,3,2,0,0,0,0,2
Europe Friendlies,Sint-Truidense,0,0,RWD Molenbeek,2,1,24,19,2,2,2,1,0,0,0,0,0
Europe Friendlies,Tikves Kavadarci,1,0,Rabotnicki Skopje,0,1,10,20,5,1,0,1,0,0,0,0,1
Europe Friendlies,Pecsi MFC,0,0,Szeged-Csanad Grosics,7,0,40,10,5,2,7,0,0,0,0,0,0
Europe Friendlies,Halberstadt,1,0,FC Einheit Wernigerode,3,2,35,10,12,3,3,2,0,0,0,0,1
Europe Friendlies,Zenit St Petersburg,0,1,Werder Bremen,2,2,16,17,5,10,2,2,0,0,0,0,1
Europe Friendlies,Union Furstenwalde,0,1,TeBe Berlin,0,4,13,27,3,6,0,4,0,0,0,0,1
Europe Friendlies,Auxerre,1,0,Creteil,3,2,32,18,8,3,3,2,0,0,0,0,1
Europe Friendlies,NK Nafta 1903,1,0,FC Nagykanizsa,2,0,33,19,4,4,2,0,0,0,0,0,1
Europe Friendlies,FK Austria Vienna,2,0,FK Tuzla City,3,0,29,14,7,3,3,0,0,0,0,0,2
Europe Friendlies,US Quevilly,0,1,Le Havre,1,2,26,15,0,1,1,2,0,0,0,0,1
Europe Friendlies,Charleroi,0,3,Amiens,2,3,31,26,4,8,2,3,0,0,0,0,3
Europe Friendlies,Plauen,1,0,Chemnitzer,4,3,25,35,1,0,4,3,0,0,0,0,1
Europe Friendlies,BFC Dynamo,3,0,Lichtenberg 47,3,1,29,11,10,1,3,1,0,0,0,0,3
Europe Friendlies,Club Brugge,0,1,Zulte-Waregem,7,1,23,9,7,7,7,1,0,0,0,0,1
Sweden Damallsvenskan,Vittsjö GIK Women,0,0,Kristianstads Women,2,4,14,20,4,4,2,4,0,0,0,0,0
Sweden Damallsvenskan,Linköpings FC Women,0,0,BK Hacken Women,2,2,23,40,2,8,2,2,0,0,0,0,0
Norway Division 2 Group 1,Eidsvold TF,1,0,Brattvåg,4,2,37,49,4,2,4,2,0,0,0,0,1
Norway Division 2 Group 2,Vard Haugesund,0,1,Egersunds,1,6,24,45,0,9,1,6,0,0,0,0,1
Norway Division 2 Group 2,Oygarden FK,2,0,Sotra,5,1,57,16,14,3,5,1,0,0,0,0,2
Morocco GNF 1,Youssoufia Berrechid,0,0,Renaissance Zemamra,2,1,25,27,4,6,2,1,0,0,0,0,0
Algeria Division 2,MCB Oued Sly,0,0,RC Arba,3,3,11,17,7,7,3,3,0,0,0,0,0
Peru Segunda,Pirata FC,2,0,CDC Santa Rosa,2,1,17,18,2,0,2,1,0,0,0,0,2
AFC Champions League,Chiangrai United,0,3,Jeonbuk Motors,1,5,19,30,7,8,1,5,0,0,0,0,3
Tanzania Premier League,KMC FC,0,1,Simba Sports Club,2,0,26,34,1,3,2,0,0,0,0,0,1
Finland Kolmonen,FC Kiisto,0,0,Norrvalla FF,1,3,30,43,2,6,1,3,0,0,0,0,0
Finland Kolmonen,SIF,2,1,KaIK,5,1,32,18,9,5,5,1,0,0,0,0,3
Finland Kolmonen,KJP,2,1,SavU,5,3,18,22,6,6,5,3,0,0,0,0,3
Senegal FA Cup,Espoirs Guediawaye,0,1,CNEPS,1,0,24,24,4,6,1,0,0,0,0,0,1
Iran Div 2,Melli Hafari,1,0,Iranjavan Bushehr,0,2,23,10,5,1,0,2,0,0,0,0,1
Lithuania II Lyga,FK FM Ateitis,0,1,Hegelmann Litauen II,0,3,3,15,0,3,0,3,0,0,0,0,1
UEFA Champions League Qualifying,Slovan Bratislava,0,0,Shamrock Rovers,1,0,10,4,4,2,1,0,0,0,0,0,0
Europe Friendlies,Karlsruher SC,0,0,FC Kufstein,1,0,12,4,0,1,1,0,0,0,0,0,0
Europe Friendlies,Feyenoord,1,0,FC Zurich,0,1,12,8,1,2,0,1,0,0,0,0,1
Europe Friendlies,FK Radnicki 1923,0,1,Maccabi Netanya,1,0,2,7,1,1,1,0,0,0,0,0,1
Europe Friendlies,SSVg Velbert,0,3,Bochum,0,1,1,8,1,4,0,1,0,0,0,0,3
Europe Friendlies,SV Spittal/Drau,0,1,Sparta Prague,0,0,2,12,0,3,0,0,0,0,0,0,1
Europe Friendlies,Stade Lavallois Mayenne FC,0,0,AC Ajaccio,0,0,5,6,2,0,0,0,0,0,0,0,0
Europe Friendlies,AZ,1,0,Top Oss,1,0,1,0,1,0,1,0,0,0,0,0,1
Sweden Elitettan,Borgeby FK Women,0,2,Umeå IK Women,2,0,6,10,0,3,2,0,0,0,0,0,2
Sweden Damallsvenskan,Eskilstuna Utd Women,0,0,AIK Women,0,0,11,7,1,0,0,0,0,0,0,0,0
Sweden 2.div Västra Götaland,IK Tord,0,0,Husqvarna FF,0,0,1,12,0,0,0,0,0,0,0,0,0
Gambia Division 2,Bombada FC,0,0,2nd Infantry Battalion Gambia,0,2,4,10,2,2,0,2,0,0,0,0,0
Gambia Division 2,PSV Wellingara,0,0,Falcons FC,0,0,3,4,0,1,0,0,0,0,0,0,0
Gambia Division 2,Team Rhino FC,0,0,Steve Biko FC,1,0,7,2,0,1,1,0,0,0,0,0,0
Europe Friendlies,Lech Poznan,3,2,Midtjylland,8,5,63,90,8,12,1,3,29,55,3,6,5
Europe Friendlies,Levski Sofia,4,0,Lokomotiv 1929 Sofia,8,3,69,56,16,4,1,2,31,35,7,2,4
Europe Friendlies,Partizan Bardejov,3,1,MFK Snina,6,6,67,39,19,4,4,5,38,20,10,2,4
Europe Friendlies,Lens,1,1,Standard Liege,3,1,49,26,8,9,3,1,23,14,3,5,2
Norway Division 2 Group 1,Baerum,0,1,Hodd,1,3,52,53,1,12,0,2,20,33,1,9,1
Norway Division 2 Group 2,Skeid,1,1,Nardo,11,1,77,37,13,6,8,0,42,9,5,1,2
Cameroon Elite One,APEJES Academy,1,0,Cotonsport,3,6,20,20,10,8,1,3,11,8,7,4,1
Cameroon Elite One,Les Astres FC De Douala,1,1,Canon de Yaounde,7,2,32,24,13,8,4,1,15,12,7,4,2
Ghana FA Cup,Young Wise FC,0,1,Hearts of Oak,2,8,62,109,6,16,2,6,29,70,5,9,1
Ghana FA Cup,Elmina Sharks,1,1,Tema Youth,2,5,56,55,15,10,1,1,28,25,11,5,2
Ghana FA Cup,Kintampo FC,3,2,Tamale City,3,4,61,80,11,8,2,3,38,49,6,7,5
Ghana FA Cup,Medeama SC,0,0,Great Olympics,8,0,103,56,29,11,3,0,47,32,13,9,0
Ghana FA Cup,Attram De Visser,0,1,Legon Cities FC,8,7,19,11,4,3,4,6,0,0,0,1,1
Nigeria Premier League,Enyimba,1,0,Kwara United,3,4,66,70,10,9,2,3,35,34,7,7,1
Colombia U21 Championship,Caldas FC U21,2,0,Valle U21,1,7,4,6,2,1,1,6,0,0,1,0,2
Europe Friendlies,FK Cukaricki,1,0,MS Ashdod,2,2,32,31,4,3,2,2,30,22,4,2,1
Europe Friendlies,SK Lisen,2,1,FK Senica,4,3,38,35,6,3,2,0,22,16,3,2,3
Europe Friendlies,Yverdon Sport FC,1,0,Servette,2,1,23,38,6,5,2,0,13,28,2,4,1
Italy Serie D,FC Messina,1,1,Acireale,3,0,30,9,8,4,3,0,26,8,7,3,2
Finland Kolmonen,Tove,0,3,P-Iirot,0,2,13,37,1,9,0,2,12,36,1,8,3
Ecuador Segunda Division,Juventud FC,2,1,SD Quito,2,3,18,21,7,8,2,2,15,16,6,7,3
Finland Kansallinen Liiga Women,KuPS Women,1,2,Aland United Women,1,0,20,25,4,8,1,0,14,21,4,6,3
Europe Friendlies,KFCO Beerschot Wilrijk,0,0,Waasland-Beveren,5,0,44,18,5,3,5,0,44,18,5,3,0
Europe Friendlies,NK Lokomotiva Zagreb,2,1,HNK Gorica,1,2,23,27,4,6,1,2,23,27,4,6,3
Europe Friendlies,GKS Belchatow,1,1,KS Kutno,3,2,33,25,13,3,3,2,33,25,13,3,2
Europe Friendlies,Halberstadt,2,0,FC Einheit Wernigerode,3,2,36,10,14,3,3,2,36,10,14,3,2
Europe Friendlies,Auxerre,1,0,Creteil,3,2,33,18,8,3,3,2,33,18,8,3,1
Europe Friendlies,NK Nafta 1903,1,0,FC Nagykanizsa,2,0,35,19,4,4,2,0,35,19,4,4,1
Europe Friendlies,Plauen,1,0,Chemnitzer,4,3,25,36,1,0,4,3,25,36,1,0,1
Europe Friendlies,CSKA Sofia,0,0,FK Qarabag,2,2,23,27,6,5,2,2,23,27,6,5,0
Sweden Damallsvenskan,Vittsjö GIK Women,0,0,Kristianstads Women,2,4,15,21,4,4,2,4,15,21,4,4,0
Sweden Damallsvenskan,Linköpings FC Women,0,0,BK Hacken Women,2,2,23,41,2,9,2,2,23,41,2,9,0
Norway Division 2 Group 2,Vard Haugesund,0,1,Egersunds,1,6,24,45,0,9,1,6,24,45,0,9,1
Norway Division 2 Group 2,Oygarden FK,2,0,Sotra,6,1,58,16,15,3,6,1,58,16,15,3,2
Morocco GNF 1,Youssoufia Berrechid,0,0,Renaissance Zemamra,2,1,25,27,4,6,2,1,25,27,4,6,0
Peru Segunda,Pirata FC,2,0,CDC Santa Rosa,2,1,18,22,2,0,2,1,18,22,2,0,2
Finland Kolmonen,SIF,3,1,KaIK,5,1,35,18,10,5,5,1,35,18,10,5,4
Lithuania II Lyga,FA Siauliai II,0,1,Panerys Vilnius,2,4,17,54,2,12,2,4,0,0,0,0,1
UEFA Champions League Qualifying,Bodo/Glimt,1,2,Legia Warsaw,0,2,48,23,1,7,0,2,0,0,0,0,3
UEFA Champions League Qualifying,Dinamo Tbilisi,1,1,Neftchi Baku,4,2,48,24,8,4,4,2,0,0,0,0,2
Europe Friendlies,Sint-Truidense,1,0,RWD Molenbeek,3,1,26,19,4,2,3,1,0,0,0,0,1
Europe Friendlies,Tikves Kavadarci,1,0,Rabotnicki Skopje,0,2,10,23,5,1,0,2,0,0,0,0,1
Europe Friendlies,Pecsi MFC,0,0,Szeged-Csanad Grosics,8,0,43,13,5,2,8,0,0,0,0,0,0
Europe Friendlies,Zenit St Petersburg,0,2,Werder Bremen,2,2,16,18,5,11,2,2,0,0,0,0,2
Europe Friendlies,Union Furstenwalde,0,1,TeBe Berlin,0,5,13,29,3,6,0,5,0,0,0,0,1
Europe Friendlies,FK Austria Vienna,2,0,FK Tuzla City,3,0,30,14,7,3,3,0,0,0,0,0,2
Europe Friendlies,US Quevilly,0,1,Le Havre,2,2,27,16,0,1,2,2,0,0,0,0,1
Europe Friendlies,Charleroi,0,3,Amiens,2,4,35,28,4,8,2,3,0,0,0,0,3
Europe Friendlies,BFC Dynamo,3,0,Lichtenberg 47,3,1,29,11,10,1,3,1,0,0,0,0,3
Europe Friendlies,Club Brugge,0,1,Zulte-Waregem,7,1,23,9,7,7,7,1,0,0,0,0,1
Norway Division 2 Group 1,Eidsvold TF,1,0,Brattvåg,5,2,39,49,4,2,5,2,0,0,0,0,1
Algeria Division 2,MCB Oued Sly,0,0,RC Arba,3,3,12,18,7,7,3,3,0,0,0,0,0
AFC Champions League,Chiangrai United,0,3,Jeonbuk Motors,3,5,23,33,7,8,1,5,0,0,0,0,3
Tanzania Premier League,KMC FC,0,2,Simba Sports Club,2,0,27,34,1,4,2,0,0,0,0,0,2
Finland Kolmonen,FC Kiisto,0,0,Norrvalla FF,1,3,31,45,3,6,1,3,0,0,0,0,0
Finland Kolmonen,KJP,2,1,SavU,6,3,19,22,6,6,5,3,0,0,0,0,3
Senegal FA Cup,Espoirs Guediawaye,0,1,CNEPS,1,0,24,27,4,6,1,0,0,0,0,0,1
Iran Div 2,Melli Hafari,1,0,Iranjavan Bushehr,0,2,25,10,5,1,0,2,0,0,0,0,1
Lithuania II Lyga,FK FM Ateitis,0,1,Hegelmann Litauen II,0,3,4,17,1,3,0,3,0,0,0,0,1
UEFA Champions League Qualifying,Slovan Bratislava,0,0,Shamrock Rovers,1,0,10,5,4,2,1,0,0,0,0,0,0
Europe Friendlies,Karlsruher SC,1,0,FC Kufstein,2,0,15,5,1,1,2,0,0,0,0,0,1
Europe Friendlies,Feyenoord,1,0,FC Zurich,0,2,12,8,1,3,0,2,0,0,0,0,1
Europe Friendlies,FK Radnicki 1923,0,1,Maccabi Netanya,1,0,4,7,1,1,1,0,0,0,0,0,1
Europe Friendlies,SSVg Velbert,0,3,Bochum,0,1,1,8,1,4,0,1,0,0,0,0,3
Europe Friendlies,SV Spittal/Drau,0,1,Sparta Prague,0,0,5,13,2,3,0,0,0,0,0,0,1
Europe Friendlies,Stade Lavallois Mayenne FC,0,0,AC Ajaccio,1,0,6,8,2,0,1,0,0,0,0,0,0
Europe Friendlies,AZ,1,0,Top Oss,2,0,3,0,1,0,2,0,0,0,0,0,1
Sweden Elitettan,Borgeby FK Women,0,2,Umeå IK Women,2,1,6,14,0,4,2,1,0,0,0,0,2
Sweden Damallsvenskan,Eskilstuna Utd Women,0,0,AIK Women,0,0,13,7,2,0,0,0,0,0,0,0,0
Sweden 2.div Västra Götaland,IK Tord,0,0,Husqvarna FF,0,0,1,13,0,0,0,0,0,0,0,0,0
Gambia Division 2,Bombada FC,0,0,2nd Infantry Battalion Gambia,1,2,6,11,2,2,1,2,0,0,0,0,0
Gambia Division 2,PSV Wellingara,0,0,Falcons FC,0,0,3,7,0,1,0,0,0,0,0,0,0
Gambia Division 2,Team Rhino FC,1,0,Steve Biko FC,1,0,8,5,1,2,1,0,0,0,0,0,1
Colombia U21 Championship,Caldas FC U21,2,2,Valle U21,1,9,14,18,6,6,1,6,0,0,1,0,4
Europe Friendlies,FK Cukaricki,1,1,MS Ashdod,2,3,50,39,5,4,2,2,30,22,4,2,2
Europe Friendlies,Yverdon Sport FC,1,0,Servette,4,1,31,46,11,5,2,0,13,28,2,4,1
Italy Serie D,FC Messina,1,1,Acireale,5,1,42,18,11,7,3,0,26,8,7,3,2
Finland Kolmonen,Tove,0,4,P-Iirot,1,3,19,49,1,11,0,2,12,36,1,8,4
Ecuador Segunda Division,Juventud FC,3,1,SD Quito,2,5,22,33,8,8,2,2,15,16,6,7,4
Finland Kansallinen Liiga Women,KuPS Women,2,3,Aland United Women,3,3,29,34,10,12,1,0,14,21,4,6,5
Lithuania II Lyga,FA Siauliai II,0,1,Panerys Vilnius,2,7,23,66,4,14,2,5,19,56,2,13,1
Europe Friendlies,KFCO Beerschot Wilrijk,0,0,Waasland-Beveren,6,0,54,23,8,4,5,0,44,18,5,3,0
UEFA Champions League Qualifying,Bodo/Glimt,1,2,Legia Warsaw,1,2,60,26,3,7,1,2,51,23,1,7,3
UEFA Champions League Qualifying,Dinamo Tbilisi,1,1,Neftchi Baku,5,2,54,26,8,4,4,2,48,24,8,4,2
Europe Friendlies,NK Lokomotiva Zagreb,2,1,HNK Gorica,2,2,35,35,5,9,1,2,23,27,4,6,3
Europe Friendlies,GKS Belchatow,1,1,KS Kutno,4,3,48,33,18,3,3,2,33,25,13,3,2
Europe Friendlies,Sint-Truidense,1,0,RWD Molenbeek,3,1,30,22,5,2,3,1,26,19,4,2,1
Europe Friendlies,Tikves Kavadarci,2,0,Rabotnicki Skopje,2,4,18,39,7,4,2,4,18,39,7,4,2
Europe Friendlies,Pecsi MFC,2,0,Szeged-Csanad Grosics,8,0,51,22,7,2,8,0,44,13,5,2,2
Europe Friendlies,Halberstadt,4,0,FC Einheit Wernigerode,5,2,44,11,20,3,3,2,36,10,14,3,4
Europe Friendlies,Zenit St Petersburg,0,2,Werder Bremen,7,2,23,20,11,11,2,2,16,18,5,11,2
Europe Friendlies,Union Furstenwalde,0,1,TeBe Berlin,0,5,14,32,4,6,0,5,13,29,3,6,1
Europe Friendlies,Auxerre,1,0,Creteil,3,2,35,20,9,4,3,2,33,18,8,3,1
Europe Friendlies,NK Nafta 1903,1,0,FC Nagykanizsa,3,0,47,24,6,6,2,0,35,19,4,4,1
Europe Friendlies,FK Austria Vienna,2,1,FK Tuzla City,3,1,35,20,7,4,3,0,30,14,7,3,3
Europe Friendlies,US Quevilly,0,1,Le Havre,5,2,35,25,0,1,2,2,27,17,0,1,1
Europe Friendlies,Charleroi,0,3,Amiens,3,4,42,30,5,8,2,4,35,29,4,8,3
Europe Friendlies,Plauen,1,0,Chemnitzer,4,5,30,47,1,0,4,3,25,36,1,0,1
Europe Friendlies,BFC Dynamo,3,0,Lichtenberg 47,3,1,33,13,10,1,3,1,30,11,10,1,3
Europe Friendlies,Club Brugge,0,1,Zulte-Waregem,7,1,28,9,9,7,7,1,24,9,7,7,1
Europe Friendlies,CSKA Sofia,0,0,FK Qarabag,2,2,35,32,7,7,2,2,23,27,6,5,0
Sweden Damallsvenskan,Vittsjö GIK Women,0,0,Kristianstads Women,3,4,18,21,6,4,2,4,15,21,4,4,0
Sweden Damallsvenskan,Linköpings FC Women,0,0,BK Hacken Women,2,2,25,61,2,10,2,2,23,41,2,9,0
Norway Division 2 Group 1,Eidsvold TF,1,0,Brattvåg,5,3,45,62,4,3,5,2,42,50,4,3,1
Norway Division 2 Group 2,Vard Haugesund,0,1,Egersunds,2,6,36,50,2,9,1,6,24,45,0,9,1
Norway Division 2 Group 2,Oygarden FK,2,0,Sotra,6,1,66,22,18,4,6,1,58,16,15,3,2
Morocco GNF 1,Youssoufia Berrechid,0,0,Renaissance Zemamra,2,1,33,30,5,6,2,1,25,27,4,6,0
Algeria Division 2,MCB Oued Sly,0,0,RC Arba,4,4,14,21,8,10,3,4,13,21,7,10,0
Peru Segunda,Pirata FC,2,1,CDC Santa Rosa,2,3,20,30,2,1,2,1,18,22,2,0,3
AFC Champions League,Chiangrai United,0,3,Jeonbuk Motors,5,5,33,37,9,10,3,5,24,33,7,8,3
Tanzania Premier League,KMC FC,0,2,Simba Sports Club,2,0,28,37,1,4,2,0,27,34,1,4,2
Finland Kolmonen,FC Kiisto,0,0,Norrvalla FF,1,3,34,55,4,6,1,3,32,47,4,6,0
Finland Kolmonen,SIF,3,1,KaIK,6,1,42,24,11,7,5,1,35,18,10,5,4
Finland Kolmonen,KJP,2,1,SavU,6,3,25,28,6,9,6,3,19,23,6,6,3
Senegal FA Cup,Espoirs Guediawaye,0,1,CNEPS,2,0,28,33,4,6,1,0,24,28,4,6,1
Iran Div 2,Melli Hafari,1,0,Iranjavan Bushehr,1,2,29,13,5,1,1,2,29,13,5,1,1
Lithuania II Lyga,FK FM Ateitis,0,3,Hegelmann Litauen II,0,5,11,37,2,8,0,5,0,0,0,0,3
UEFA Champions League Qualifying,Slovan Bratislava,1,0,Shamrock Rovers,2,0,21,17,6,2,2,0,0,0,0,0,1
Europe Friendlies,Karlsruher SC,2,0,FC Kufstein,3,0,37,16,6,3,3,0,0,0,0,0,2
Europe Friendlies,Feyenoord,1,0,FC Zurich,1,2,29,18,3,4,1,2,0,0,0,0,1
Europe Friendlies,FK Radnicki 1923,0,1,Maccabi Netanya,1,1,12,15,1,3,1,1,0,0,0,0,1
Europe Friendlies,SSVg Velbert,0,6,Bochum,1,2,4,21,4,9,1,2,0,0,0,0,6
Europe Friendlies,SV Spittal/Drau,0,1,Sparta Prague,0,3,9,36,2,3,0,3,0,0,0,0,1
Europe Friendlies,Stade Lavallois Mayenne FC,1,0,AC Ajaccio,1,0,13,20,5,3,1,0,0,0,0,0,1
Europe Friendlies,AZ,1,0,Top Oss,4,0,18,4,6,0,4,0,0,0,0,0,1
Sweden Elitettan,Borgeby FK Women,0,5,Umeå IK Women,2,3,11,37,1,10,2,3,0,0,0,0,5
Sweden Damallsvenskan,Eskilstuna Utd Women,0,0,AIK Women,1,1,27,23,7,0,1,1,0,0,0,0,0
Sweden 2.div Västra Götaland,IK Tord,0,1,Husqvarna FF,1,3,9,34,0,4,1,3,0,0,0,0,1
Gambia Division 2,Bombada FC,0,0,2nd Infantry Battalion Gambia,2,3,21,20,7,5,2,3,0,0,0,0,0
Gambia Division 2,PSV Wellingara,0,0,Falcons FC,0,0,13,27,1,5,0,0,0,0,0,0,0
Gambia Division 2,Team Rhino FC,3,0,Steve Biko FC,2,0,25,22,6,7,2,0,0,0,0,0,3
Algeria Youth League,NC Magra U21,1,0,CS Constantine U21,0,0,8,19,1,0,0,0,0,0,0,0,1
Lithuania II Lyga,FK Ekranas,0,1,FK Sveikata,1,0,11,6,1,2,1,0,0,0,0,0,1
UEFA Champions League Qualifying,Malmo FF,0,0,Riga FC,0,0,8,4,0,0,0,0,0,0,0,0,0
UEFA Champions League Qualifying,Dinamo Zagreb,1,0,Valur Reykjavik,2,0,13,1,1,0,2,0,0,0,0,0,1
UEFA Champions League Qualifying,KF Teuta,0,0,Sheriff Tiraspol,0,1,6,5,1,1,0,1,0,0,0,0,0
UEFA Champions League Qualifying,Ludogorets Razgrad,0,0,Shakhter Soligorsk,0,0,9,5,1,1,0,0,0,0,0,0,0
UEFA Champions League Qualifying,Maccabi Haifa,0,0,Kairat Almaty,0,0,6,6,0,2,0,0,0,0,0,0,0
Europe Friendlies,VfL Halle 96,0,0,BSG Chemie Leipzig,1,1,7,7,0,0,1,1,0,0,0,0,0
Europe Friendlies,Feldkirchen,0,1,SV Gossendorf Jaz,1,1,3,5,2,2,1,1,0,0,0,0,1
Europe Friendlies,SV Kuchl,0,0,UFC Altenmarkt,0,0,4,2,1,1,0,0,0,0,0,0,0
Europe Friendlies,NK Celje,0,0,Hajduk Split,0,1,6,7,1,2,0,1,0,0,0,0,0
Europe Friendlies,Lokomotiv Moscow,1,0,Aris Salonika,0,0,3,2,1,0,0,0,0,0,0,0,1
Sweden Damallsvenskan,Djurgardens Women,0,0,Pitea IF Women,0,0,2,3,1,1,0,0,0,0,0,0,0
Sweden 2.div Norra Svealand,Kvarnsvedens IK,0,0,Sandvikens AIK FK,0,1,6,2,0,0,0,1,0,0,0,0,0
Sweden 2.div Norra Svealand,Enskede IK,0,1,FC Stockholm Internazionale,1,0,5,6,1,2,1,0,0,0,0,0,1
Sweden 2.div Norra Svealand,Enkopings SK,0,0,Skiljebo SK,0,2,7,5,3,0,0,2,0,0,0,0,0
Sweden 2.div Norra Götaland,Grebbestads IF,0,0,Ahlafors IF,0,1,2,2,0,0,0,1,0,0,0,0,0
Algeria Youth League,NA Hussein Dey U21,0,0,CA Bordj Bou Arreridj U21,1,0,4,3,0,0,1,0,0,0,0,0,0
Argentina Torneo A,Cipolletti,0,0,Juventud Unida Universitario,0,0,2,0,0,0,0,0,0,0,0,0,0
Finland Kolmonen,PP-70,1,0,Ikaalisten Urheilijat,2,0,6,1,1,1,2,0,0,0,0,0,1
Sweden 1.div Södra,Tvååkers IF,0,0,Lindome GIF,0,0,5,1,0,0,0,0,0,0,0,0,0
Sweden 2.div Västra Götaland,BK Astrio,0,0,Västra Frölunda IF,0,0,4,7,1,1,0,0,0,0,0,0,0
Sweden 2.div Västra Götaland,Assyriska BK,0,0,Onsala BK,0,2,3,5,0,1,0,2,0,0,0,0,0
Sweden 2.div Västra Götaland,Ängelholms FF,0,0,Eskilsminne IF,0,2,3,7,1,0,0,2,0,0,0,0,0
Sweden 2.div Västra Götaland,Sävedalens IF,0,0,Torslanda IK,1,0,2,2,1,2,1,0,0,0,0,0,0
Sweden 2.div Södra Götaland,KSF Prespa Birlik,0,0,Hässleholms IF,0,2,2,9,1,1,0,2,0,0,0,0,0
Sweden 2.div Södra Götaland,FC Rosengård 1917,0,0,BK Olympic,0,0,7,6,1,0,0,0,0,0,0,0,0
Sweden 2.div Södra Götaland,Sölvesborgs GoIF,1,0,IFK Berga,0,2,2,11,1,0,0,2,0,0,0,0,1
Sweden 2.div Södra Götaland,Asarums IF FK,1,0,Räppe GOIF,0,0,5,4,3,0,0,0,0,0,0,0,1
Europe Friendlies,St Margarethen,0,0,SC Wiener Viktoria,0,0,2,2,0,0,0,0,0,0,0,0,0
Italy Serie D,FC Messina,1,1,Acireale,6,1,49,25,12,7,3,0,26,8,7,3,2
Finland Kolmonen,Tove,0,5,P-Iirot,1,5,22,54,1,14,0,2,12,36,1,8,5
Lithuania II Lyga,FA Siauliai II,0,1,Panerys Vilnius,3,8,30,89,4,18,2,5,19,56,2,13,1
Europe Friendlies,KFCO Beerschot Wilrijk,0,0,Waasland-Beveren,6,0,62,30,10,6,5,0,44,18,5,3,0
UEFA Champions League Qualifying,Bodo/Glimt,1,3,Legia Warsaw,1,2,80,31,6,8,1,2,51,23,1,7,4
UEFA Champions League Qualifying,Dinamo Tbilisi,1,2,Neftchi Baku,6,2,62,30,8,5,4,2,48,24,8,4,3
Europe Friendlies,NK Lokomotiva Zagreb,2,1,HNK Gorica,2,2,47,40,6,10,1,2,23,27,4,6,3
Europe Friendlies,GKS Belchatow,1,2,KS Kutno,5,4,57,40,19,4,3,2,33,25,13,3,3
Europe Friendlies,Sint-Truidense,1,0,RWD Molenbeek,4,1,36,29,7,5,3,1,26,19,4,2,1
Europe Friendlies,Tikves Kavadarci,2,0,Rabotnicki Skopje,2,6,21,45,8,8,2,4,18,39,7,4,2
Europe Friendlies,Pecsi MFC,3,0,Szeged-Csanad Grosics,8,1,56,32,10,2,8,0,44,13,5,2,3
Europe Friendlies,Halberstadt,4,0,FC Einheit Wernigerode,7,2,52,15,24,3,3,2,36,10,14,3,4
Europe Friendlies,Zenit St Petersburg,2,2,Werder Bremen,7,3,29,21,14,12,2,2,16,18,5,11,4
Europe Friendlies,Union Furstenwalde,0,1,TeBe Berlin,0,8,23,41,4,7,0,5,13,29,3,6,1
Europe Friendlies,Auxerre,1,1,Creteil,4,3,46,24,10,6,3,2,33,18,8,3,2
Europe Friendlies,NK Nafta 1903,2,0,FC Nagykanizsa,3,0,59,29,10,6,2,0,35,19,4,4,2
Europe Friendlies,FK Austria Vienna,2,1,FK Tuzla City,3,1,44,28,10,6,3,0,30,14,7,3,3
Europe Friendlies,US Quevilly,0,1,Le Havre,6,2,47,30,0,1,2,2,27,17,0,1,1
Europe Friendlies,Charleroi,1,3,Amiens,4,4,55,35,7,8,2,4,35,29,4,8,4
Europe Friendlies,Plauen,1,0,Chemnitzer,5,5,39,57,1,0,4,3,25,36,1,0,1
Europe Friendlies,BFC Dynamo,3,0,Lichtenberg 47,3,1,43,20,11,3,3,1,30,11,10,1,3
Europe Friendlies,Club Brugge,0,1,Zulte-Waregem,9,1,37,11,12,7,7,1,24,9,7,7,1
Europe Friendlies,CSKA Sofia,0,1,FK Qarabag,4,2,47,37,10,9,2,2,23,27,6,5,1
Sweden Damallsvenskan,Vittsjö GIK Women,0,0,Kristianstads Women,6,4,25,28,8,6,2,4,15,21,4,4,0
Sweden Damallsvenskan,Linköpings FC Women,0,1,BK Hacken Women,2,2,30,79,2,14,2,2,23,41,2,9,1
Norway Division 2 Group 1,Eidsvold TF,1,0,Brattvåg,5,4,56,76,7,4,5,2,42,50,4,3,1
Norway Division 2 Group 2,Vard Haugesund,1,1,Egersunds,3,7,52,59,4,10,1,6,24,45,0,9,2
Norway Division 2 Group 2,Oygarden FK,3,0,Sotra,7,3,75,29,20,4,6,1,58,16,15,3,3
Morocco GNF 1,Youssoufia Berrechid,0,0,Renaissance Zemamra,2,1,41,35,6,7,2,1,25,27,4,6,0
Algeria Division 2,MCB Oued Sly,0,0,RC Arba,5,4,18,27,9,10,3,4,13,21,7,10,0
Peru Segunda,Pirata FC,2,2,CDC Santa Rosa,2,4,26,40,3,2,2,1,18,22,2,0,4
AFC Champions League,Chiangrai United,1,3,Jeonbuk Motors,5,6,38,45,10,13,3,5,24,33,7,8,4
Tanzania Premier League,KMC FC,0,2,Simba Sports Club,2,0,37,48,2,4,2,0,27,34,1,4,2
Finland Kolmonen,FC Kiisto,0,0,Norrvalla FF,3,3,46,64,7,7,1,3,32,47,4,6,0
Finland Kolmonen,SIF,4,1,KaIK,7,3,54,35,16,8,5,1,35,18,10,5,5
Finland Kolmonen,KJP,2,1,SavU,7,4,30,36,7,13,6,3,19,23,6,6,3
Senegal FA Cup,Espoirs Guediawaye,0,1,CNEPS,5,0,38,36,6,6,1,0,24,28,4,6,1
Iran Div 2,Melli Hafari,1,0,Iranjavan Bushehr,2,2,40,17,10,1,1,2,29,13,5,1,1
Lithuania II Lyga,FK FM Ateitis,0,4,Hegelmann Litauen II,0,6,13,42,3,9,0,6,13,42,3,9,4
UEFA Champions League Qualifying,Slovan Bratislava,1,0,Shamrock Rovers,3,1,28,20,6,2,3,1,28,20,6,2,1
Europe Friendlies,Karlsruher SC,2,0,FC Kufstein,3,0,45,19,7,5,3,0,45,19,7,5,2
Europe Friendlies,Feyenoord,1,0,FC Zurich,1,2,31,20,4,4,1,2,31,20,4,4,1
Europe Friendlies,FK Radnicki 1923,0,1,Maccabi Netanya,1,2,17,24,2,4,1,2,17,24,2,4,1
Europe Friendlies,SSVg Velbert,0,6,Bochum,2,2,7,22,5,9,2,2,7,22,5,9,6
Europe Friendlies,SV Spittal/Drau,1,1,Sparta Prague,0,4,9,42,3,6,0,4,9,42,3,6,2
Europe Friendlies,Stade Lavallois Mayenne FC,1,0,AC Ajaccio,1,0,14,25,5,3,1,0,14,25,5,3,1
Europe Friendlies,AZ,1,0,Top Oss,4,0,21,6,6,0,4,0,21,6,6,0,1
Sweden Elitettan,Borgeby FK Women,0,6,Umeå IK Women,2,4,15,44,1,11,2,4,15,44,1,11,6
Sweden Damallsvenskan,Eskilstuna Utd Women,0,0,AIK Women,1,1,31,26,8,0,1,1,31,26,8,0,0
Sweden 2.div Västra Götaland,IK Tord,0,1,Husqvarna FF,1,3,14,35,1,4,1,3,14,35,1,4,1
Gambia Division 2,Bombada FC,0,0,2nd Infantry Battalion Gambia,2,3,24,24,8,6,2,3,24,24,8,6,0
Gambia Division 2,PSV Wellingara,0,0,Falcons FC,2,0,21,32,4,6,2,0,21,32,4,6,0
Gambia Division 2,Team Rhino FC,3,0,Steve Biko FC,2,1,35,38,8,9,2,1,35,38,8,9,3
Algeria Youth League,NC Magra U21,1,0,CS Constantine U21,0,0,14,35,1,1,0,0,0,0,0,0,1
Lithuania II Lyga,FK Ekranas,0,1,FK Sveikata,6,0,41,8,8,3,6,0,0,0,0,0,1
UEFA Champions League Qualifying,Malmo FF,0,0,Riga FC,0,0,19,6,0,0,0,0,0,0,0,0,0
UEFA Champions League Qualifying,Dinamo Zagreb,1,0,Valur Reykjavik,3,0,33,8,4,1,3,0,0,0,0,0,1
UEFA Champions League Qualifying,KF Teuta,0,1,Sheriff Tiraspol,0,2,16,20,1,8,0,2,0,0,0,0,1
UEFA Champions League Qualifying,Ludogorets Razgrad,0,0,Shakhter Soligorsk,1,2,25,11,4,1,1,2,0,0,0,0,0
UEFA Champions League Qualifying,Maccabi Haifa,0,0,Kairat Almaty,0,0,14,17,0,3,0,0,0,0,0,0,0
Europe Friendlies,VfL Halle 96,0,0,BSG Chemie Leipzig,2,3,22,16,1,0,2,3,0,0,0,0,0
Europe Friendlies,Feldkirchen,0,3,SV Gossendorf Jaz,2,1,10,14,4,4,2,1,0,0,0,0,3
Europe Friendlies,SV Kuchl,1,0,UFC Altenmarkt,1,0,14,6,3,1,1,0,0,0,0,0,1
Europe Friendlies,NK Celje,0,0,Hajduk Split,0,1,14,23,1,4,0,1,0,0,0,0,0
Europe Friendlies,Lokomotiv Moscow,1,0,Aris Salonika,0,2,12,16,2,6,0,2,0,0,0,0,1
Sweden Damallsvenskan,Djurgardens Women,0,0,Pitea IF Women,0,0,11,8,3,1,0,0,0,0,0,0,0
Sweden 2.div Norra Svealand,Kvarnsvedens IK,0,0,Sandvikens AIK FK,0,1,12,6,1,1,0,1,0,0,0,0,0
Sweden 2.div Norra Svealand,Enskede IK,1,1,FC Stockholm Internazionale,2,3,14,17,4,3,2,3,0,0,0,0,2
Sweden 2.div Norra Svealand,Enkopings SK,0,0,Skiljebo SK,0,6,15,17,5,2,0,6,0,0,0,0,0
Sweden 2.div Norra Götaland,Grebbestads IF,0,0,Ahlafors IF,0,2,7,6,1,0,0,2,0,0,0,0,0
Algeria Youth League,NA Hussein Dey U21,0,1,CA Bordj Bou Arreridj U21,2,0,17,11,2,2,2,0,0,0,0,0,1
Algeria Youth League,AS Ain M'lila U21,0,0,Paradou AC U21,0,1,8,11,0,0,0,1,0,0,0,0,0
Argentina Torneo A,Cipolletti,0,0,Juventud Unida Universitario,0,0,5,6,0,0,0,0,0,0,0,0,0
Finland Kolmonen,PP-70,3,0,Ikaalisten Urheilijat,2,0,9,5,3,1,2,0,0,0,0,0,3
Sweden 1.div Södra,Tvååkers IF,0,0,Lindome GIF,1,0,9,5,3,1,1,0,0,0,0,0,0
Sweden 2.div Västra Götaland,BK Astrio,0,0,Västra Frölunda IF,1,1,12,16,1,3,1,1,0,0,0,0,0
Sweden 2.div Västra Götaland,Assyriska BK,0,0,Onsala BK,0,3,8,15,0,2,0,3,0,0,0,0,0
Sweden 2.div Västra Götaland,Ängelholms FF,0,0,Eskilsminne IF,0,2,10,9,1,0,0,2,0,0,0,0,0
Sweden 2.div Västra Götaland,Sävedalens IF,0,0,Torslanda IK,2,1,6,6,2,3,2,1,0,0,0,0,0
Sweden 2.div Södra Götaland,KSF Prespa Birlik,0,1,Hässleholms IF,0,3,5,17,1,2,0,3,0,0,0,0,1
Sweden 2.div Södra Götaland,FC Rosengård 1917,0,0,BK Olympic,2,1,19,11,4,1,2,1,0,0,0,0,0
Sweden 2.div Södra Götaland,Sölvesborgs GoIF,1,0,IFK Berga,0,3,6,24,3,4,0,3,0,0,0,0,1
Sweden 2.div Södra Götaland,Asarums IF FK,1,0,Räppe GOIF,1,1,13,11,4,1,1,1,0,0,0,0,1
Europe Friendlies,St Margarethen,0,2,SC Wiener Viktoria,0,3,4,13,1,9,0,3,0,0,0,0,2
Sudan League,Al Shorta,0,0,Al Ahli Khartoum,0,1,5,5,1,2,0,1,0,0,0,0,0
Lithuania II Lyga,FA Siauliai II,0,1,Panerys Vilnius,4,9,44,105,4,18,2,5,19,56,2,13,1
UEFA Champions League Qualifying,Bodo/Glimt,2,3,Legia Warsaw,1,2,102,43,9,9,1,2,51,23,1,7,5
UEFA Champions League Qualifying,Dinamo Tbilisi,1,2,Neftchi Baku,6,2,88,39,10,5,4,2,48,24,8,4,3
Europe Friendlies,Tikves Kavadarci,2,1,Rabotnicki Skopje,3,7,28,67,10,10,2,4,18,39,7,4,3
Europe Friendlies,Halberstadt,6,2,FC Einheit Wernigerode,7,3,66,20,28,5,3,2,36,10,14,3,8
Europe Friendlies,Union Furstenwalde,0,1,TeBe Berlin,2,9,30,54,6,13,0,5,13,29,3,6,1
Europe Friendlies,Auxerre,3,1,Creteil,5,5,66,32,18,8,3,2,33,18,8,3,4
Europe Friendlies,FK Austria Vienna,2,1,FK Tuzla City,5,2,66,35,14,7,3,0,30,14,7,3,3
Europe Friendlies,Charleroi,3,3,Amiens,4,5,77,45,9,11,2,4,35,29,4,8,6
Europe Friendlies,Plauen,1,1,Chemnitzer,6,8,50,72,1,1,4,3,25,36,1,0,2
Europe Friendlies,BFC Dynamo,3,1,Lichtenberg 47,3,3,53,29,13,5,3,1,30,11,10,1,4
Europe Friendlies,Club Brugge,2,1,Zulte-Waregem,10,1,48,18,18,9,7,1,24,9,7,7,3
Sweden Damallsvenskan,Vittsjö GIK Women,0,0,Kristianstads Women,6,6,29,38,9,12,2,4,15,21,4,4,0
Sweden Damallsvenskan,Linköpings FC Women,0,2,BK Hacken Women,2,2,42,102,4,17,2,2,23,41,2,9,2
Norway Division 2 Group 1,Eidsvold TF,2,0,Brattvåg,6,4,69,104,8,8,5,2,42,50,4,3,2
Norway Division 2 Group 2,Vard Haugesund,1,1,Egersunds,4,9,67,79,6,11,1,6,24,45,0,9,2
Norway Division 2 Group 2,Oygarden FK,4,0,Sotra,10,4,86,42,23,7,6,1,58,16,15,3,4
Morocco GNF 1,Youssoufia Berrechid,1,0,Renaissance Zemamra,2,3,47,46,8,10,2,1,25,27,4,6,1
Algeria Division 2,MCB Oued Sly,0,0,RC Arba,5,5,24,34,10,13,3,4,13,21,7,10,0
Peru Segunda,Pirata FC,2,3,CDC Santa Rosa,2,5,40,55,6,5,2,1,18,22,2,0,5
AFC Champions League,Chiangrai United,1,3,Jeonbuk Motors,6,6,51,51,11,14,3,5,24,33,7,8,4
Tanzania Premier League,KMC FC,0,2,Simba Sports Club,3,0,54,63,3,4,2,0,27,34,1,4,2
Finland Kolmonen,FC Kiisto,0,0,Norrvalla FF,3,4,64,74,9,9,1,3,32,47,4,6,0
Finland Kolmonen,KJP,3,2,SavU,8,5,43,43,8,19,6,3,19,23,6,6,5
Senegal FA Cup,Espoirs Guediawaye,1,1,CNEPS,7,1,48,47,8,7,1,0,24,28,4,6,2
Iran Div 2,Melli Hafari,1,1,Iranjavan Bushehr,4,2,52,24,10,2,1,2,29,13,5,1,2
Lithuania II Lyga,FK FM Ateitis,0,4,Hegelmann Litauen II,0,6,17,51,3,11,0,6,13,42,3,9,4
UEFA Champions League Qualifying,Slovan Bratislava,2,0,Shamrock Rovers,3,1,35,27,9,4,3,1,28,20,6,2,2
Europe Friendlies,Karlsruher SC,2,0,FC Kufstein,7,0,72,22,13,5,3,0,45,19,7,5,2
Europe Friendlies,Feyenoord,1,0,FC Zurich,2,2,44,26,6,5,1,2,31,20,4,4,1
Europe Friendlies,FK Radnicki 1923,0,1,Maccabi Netanya,3,3,23,30,3,4,1,2,17,24,2,4,1
Europe Friendlies,SSVg Velbert,0,6,Bochum,2,4,9,29,6,13,2,2,7,22,5,9,6
Europe Friendlies,SV Spittal/Drau,1,2,Sparta Prague,0,6,11,65,3,8,0,4,9,42,3,6,3
Europe Friendlies,Stade Lavallois Mayenne FC,1,0,AC Ajaccio,3,2,21,36,6,5,1,0,14,25,5,3,1
Europe Friendlies,AZ,2,0,Top Oss,5,0,28,7,8,0,4,0,21,6,6,0,2
Sweden Elitettan,Borgeby FK Women,1,8,Umeå IK Women,2,5,19,57,2,14,2,4,15,44,1,11,9
Sweden Damallsvenskan,Eskilstuna Utd Women,0,0,AIK Women,5,1,47,30,10,0,1,1,31,26,8,0,0
Sweden 2.div Västra Götaland,IK Tord,0,1,Husqvarna FF,2,3,21,42,4,4,1,3,14,35,1,4,1
Gambia Division 2,Bombada FC,0,0,2nd Infantry Battalion Gambia,3,3,36,29,9,8,2,3,24,24,8,6,0
Gambia Division 2,PSV Wellingara,0,0,Falcons FC,3,0,23,32,4,6,2,0,21,32,4,6,0
Gambia Division 2,Team Rhino FC,3,0,Steve Biko FC,2,3,35,45,8,9,2,1,35,38,8,9,3
Algeria Youth League,NC Magra U21,1,1,CS Constantine U21,0,1,22,43,2,3,0,1,22,43,2,3,2
Sweden 2.div Norra Svealand,Enskede IK,1,2,FC Stockholm Internazionale,3,4,26,31,7,8,3,4,26,31,7,8,3
Sweden 2.div Norra Svealand,Enkopings SK,0,2,Skiljebo SK,1,6,25,29,7,5,1,6,25,29,7,5,2
Sweden 1.div Södra,Tvååkers IF,0,0,Lindome GIF,2,0,19,8,6,1,2,0,19,8,6,1,0
Sweden 2.div Västra Götaland,Sävedalens IF,0,0,Torslanda IK,3,1,14,14,2,3,3,1,14,14,2,3,0
Sweden 2.div Södra Götaland,KSF Prespa Birlik,0,1,Hässleholms IF,1,3,10,29,1,3,1,3,10,29,1,3,1
Sweden 2.div Södra Götaland,FC Rosengård 1917,0,0,BK Olympic,3,2,28,26,5,2,3,2,28,26,5,2,0
Sweden 2.div Södra Götaland,Sölvesborgs GoIF,1,0,IFK Berga,0,3,18,40,4,6,0,3,18,40,4,6,1
Lithuania II Lyga,FK Ekranas,0,2,FK Sveikata,7,0,64,18,11,6,7,0,0,0,0,0,2
UEFA Champions League Qualifying,Malmo FF,0,0,Riga FC,1,0,40,7,4,1,1,0,0,0,0,0,0
UEFA Champions League Qualifying,Dinamo Zagreb,2,0,Valur Reykjavik,5,0,52,13,6,1,5,0,0,0,0,0,2
UEFA Champions League Qualifying,KF Teuta,0,1,Sheriff Tiraspol,1,3,35,32,1,9,1,3,0,0,0,0,1
UEFA Champions League Qualifying,Ludogorets Razgrad,0,0,Shakhter Soligorsk,1,3,39,25,6,3,1,3,0,0,0,0,0
UEFA Champions League Qualifying,Maccabi Haifa,1,0,Kairat Almaty,3,0,37,20,3,4,3,0,0,0,0,0,1
Europe Friendlies,VfL Halle 96,0,0,BSG Chemie Leipzig,3,3,44,35,2,0,3,3,0,0,0,0,0
Europe Friendlies,Feldkirchen,0,3,SV Gossendorf Jaz,2,1,18,22,5,5,2,1,0,0,0,0,3
Europe Friendlies,SV Kuchl,1,0,UFC Altenmarkt,5,0,26,14,11,2,5,0,0,0,0,0,1
Europe Friendlies,NK Celje,0,0,Hajduk Split,0,2,27,50,4,6,0,2,0,0,0,0,0
Europe Friendlies,Lokomotiv Moscow,1,0,Aris Salonika,0,4,18,28,2,9,0,4,0,0,0,0,1
Sweden Damallsvenskan,Djurgardens Women,1,0,Pitea IF Women,1,1,24,14,6,2,1,1,0,0,0,0,1
Sweden 2.div Norra Svealand,Kvarnsvedens IK,1,0,Sandvikens AIK FK,1,3,22,17,5,2,1,3,0,0,0,0,1
Sweden 2.div Norra Götaland,Grebbestads IF,0,0,Ahlafors IF,1,2,17,9,1,2,1,2,0,0,0,0,0
Algeria Youth League,NA Hussein Dey U21,1,1,CA Bordj Bou Arreridj U21,6,0,36,24,7,2,6,0,0,0,0,0,2
Algeria Youth League,AS Ain M'lila U21,0,0,Paradou AC U21,0,1,24,27,2,1,0,1,0,0,0,0,0
Argentina Torneo A,Cipolletti,0,0,Juventud Unida Universitario,1,3,16,19,4,3,1,3,0,0,0,0,0
Finland Kolmonen,PP-70,3,0,Ikaalisten Urheilijat,2,1,12,17,5,7,2,1,0,0,0,0,3
Sweden 2.div Västra Götaland,BK Astrio,2,1,Västra Frölunda IF,3,1,26,24,4,5,3,1,0,0,0,0,3
Sweden 2.div Västra Götaland,Assyriska BK,1,0,Onsala BK,1,3,19,25,2,4,1,3,0,0,0,0,1
Sweden 2.div Västra Götaland,Ängelholms FF,0,1,Eskilsminne IF,2,2,21,17,1,2,2,2,0,0,0,0,1
Sweden 2.div Södra Götaland,Asarums IF FK,1,0,Räppe GOIF,3,3,30,26,5,2,3,3,0,0,0,0,1
Europe Friendlies,St Margarethen,0,4,SC Wiener Viktoria,0,4,9,24,3,15,0,4,0,0,0,0,4
Sudan League,Al Shorta,0,0,Al Ahli Khartoum,1,1,16,16,3,5,1,1,0,0,0,0,0
Sweden 2.div Norra Svealand,IFK Stocksund,0,0,Kungsängens IF,4,0,20,4,3,1,4,0,0,0,0,0,0
Sweden 2.div Norra Svealand,FC Järfälla,0,0,FC Arlanda,0,2,4,10,1,1,0,2,0,0,0,0,0
Sweden 2.div Norrland,Frösö IF,0,0,Ytterhogdals IK,0,0,4,2,0,0,0,0,0,0,0,0,0
Sweden 2.div Norrland,Umeå FC Academy,0,0,Bergnäsets AIK,1,1,8,8,1,1,1,1,0,0,0,0,0
Jordan League,Al-Wehdat,0,0,Ramtha SC,0,1,14,6,0,2,0,1,0,0,0,0,0
Sweden 2.div Södra Götaland,IFK Hässleholm,0,0,FK Karlskrona,0,1,11,17,0,2,0,1,0,0,0,0,0
Iran Div 2,Melli Hafari,2,1,Iranjavan Bushehr,6,2,67,28,17,2,1,2,29,13,5,1,3
Lithuania II Lyga,FK FM Ateitis,0,4,Hegelmann Litauen II,0,9,22,66,3,13,0,6,13,42,3,9,4
UEFA Champions League Qualifying,Slovan Bratislava,2,0,Shamrock Rovers,4,2,50,37,9,5,3,1,28,20,6,2,2
Europe Friendlies,Karlsruher SC,4,0,FC Kufstein,8,0,100,26,22,6,3,0,45,19,7,5,4
Europe Friendlies,Feyenoord,1,0,FC Zurich,2,5,55,32,6,6,1,2,31,20,4,4,1
Europe Friendlies,FK Radnicki 1923,0,1,Maccabi Netanya,3,4,33,39,6,7,1,2,17,24,2,4,1
Europe Friendlies,SSVg Velbert,0,8,Bochum,2,12,11,43,7,21,2,2,7,22,5,9,8
Europe Friendlies,SV Spittal/Drau,1,3,Sparta Prague,0,7,14,92,3,15,0,4,9,42,3,6,4
Europe Friendlies,Stade Lavallois Mayenne FC,1,1,AC Ajaccio,4,4,29,50,8,9,1,0,14,25,5,3,2
Europe Friendlies,AZ,3,0,Top Oss,7,1,43,14,11,1,4,0,21,6,6,0,3
Sweden Elitettan,Borgeby FK Women,1,8,Umeå IK Women,2,7,29,82,3,16,2,4,15,44,1,11,9
Sweden Damallsvenskan,Eskilstuna Utd Women,1,0,AIK Women,7,1,71,38,13,0,1,1,31,26,8,0,1
Sweden 2.div Västra Götaland,IK Tord,0,1,Husqvarna FF,2,4,29,58,5,9,1,3,14,35,1,4,1
Gambia Division 2,Bombada FC,1,0,2nd Infantry Battalion Gambia,3,7,44,40,12,9,2,3,24,24,8,6,1
Gambia Division 2,PSV Wellingara,0,0,Falcons FC,3,3,31,46,5,9,2,0,21,32,4,6,0
Gambia Division 2,Team Rhino FC,3,0,Steve Biko FC,3,3,47,64,12,16,2,1,35,38,8,9,3
Algeria Youth League,NC Magra U21,1,1,CS Constantine U21,1,2,41,54,4,6,0,1,22,43,2,3,2
Lithuania II Lyga,FK Ekranas,0,2,FK Sveikata,7,0,66,20,11,6,7,0,65,18,11,6,2
UEFA Champions League Qualifying,Malmo FF,0,0,Riga FC,1,0,48,8,5,1,1,0,44,7,4,1,0
UEFA Champions League Qualifying,Dinamo Zagreb,2,0,Valur Reykjavik,5,0,54,17,6,1,5,0,54,17,6,1,2
UEFA Champions League Qualifying,KF Teuta,0,2,Sheriff Tiraspol,1,3,36,36,2,10,1,3,36,34,2,10,2
UEFA Champions League Qualifying,Ludogorets Razgrad,0,0,Shakhter Soligorsk,2,3,43,25,7,3,1,3,42,25,6,3,0
UEFA Champions League Qualifying,Maccabi Haifa,1,0,Kairat Almaty,3,0,40,23,3,6,3,0,38,22,3,5,1
Europe Friendlies,VfL Halle 96,0,1,BSG Chemie Leipzig,3,3,48,39,2,1,3,3,44,35,2,0,1
Europe Friendlies,Feldkirchen,0,3,SV Gossendorf Jaz,2,1,27,27,6,6,2,1,18,22,5,5,3
Europe Friendlies,SV Kuchl,2,0,UFC Altenmarkt,7,0,32,15,13,2,6,0,30,15,13,2,2
Europe Friendlies,NK Celje,0,0,Hajduk Split,0,2,27,55,4,8,0,2,27,53,4,7,0
Europe Friendlies,Lokomotiv Moscow,1,0,Aris Salonika,0,4,25,33,4,10,0,4,23,31,3,10,1
Sweden Damallsvenskan,Djurgardens Women,1,0,Pitea IF Women,1,1,26,18,6,3,1,1,24,14,6,3,1
Sweden 2.div Norra Svealand,Kvarnsvedens IK,1,0,Sandvikens AIK FK,1,4,22,21,5,2,1,4,22,19,5,2,1
Sweden 2.div Norra Svealand,Enskede IK,2,2,FC Stockholm Internazionale,3,4,33,34,10,8,3,4,26,31,7,8,4
Sweden 2.div Norra Svealand,Enkopings SK,0,2,Skiljebo SK,1,6,28,31,7,5,1,6,25,29,7,5,2
Sweden 2.div Norra Götaland,Grebbestads IF,0,0,Ahlafors IF,1,2,19,11,1,2,1,2,17,10,1,2,0
Algeria Youth League,NA Hussein Dey U21,2,1,CA Bordj Bou Arreridj U21,6,0,39,27,10,3,6,0,39,27,10,3,3
Algeria Youth League,AS Ain M'lila U21,0,0,Paradou AC U21,4,1,37,37,4,2,4,1,37,37,4,2,0
Argentina Torneo A,Cipolletti,0,0,Juventud Unida Universitario,2,3,21,21,6,4,2,3,21,21,6,4,0
Finland Kolmonen,PP-70,3,0,Ikaalisten Urheilijat,2,1,13,23,5,8,2,1,13,19,5,7,3
Sweden 1.div Södra,Tvååkers IF,1,0,Lindome GIF,2,0,21,10,8,1,2,0,19,8,6,1,1
Sweden 2.div Västra Götaland,BK Astrio,3,1,Västra Frölunda IF,3,1,27,28,5,6,3,1,26,26,4,5,4
Sweden 2.div Västra Götaland,Assyriska BK,1,0,Onsala BK,1,3,20,26,3,5,1,3,19,25,2,4,1
Sweden 2.div Västra Götaland,Ängelholms FF,1,1,Eskilsminne IF,2,4,22,23,2,2,2,2,21,18,1,2,2
Sweden 2.div Västra Götaland,Sävedalens IF,0,0,Torslanda IK,3,1,17,16,2,3,3,1,14,14,2,3,0
Sweden 2.div Södra Götaland,KSF Prespa Birlik,0,1,Hässleholms IF,1,3,15,35,2,4,1,3,10,29,1,3,1
Sweden 2.div Södra Götaland,FC Rosengård 1917,0,1,BK Olympic,4,2,35,29,6,3,3,2,28,26,5,2,1
Sweden 2.div Södra Götaland,Sölvesborgs GoIF,1,0,IFK Berga,0,3,20,42,4,6,0,3,18,40,4,6,1
Sweden 2.div Södra Götaland,Asarums IF FK,1,1,Räppe GOIF,3,3,33,31,5,4,3,3,32,30,5,3,2
Europe Friendlies,St Margarethen,0,4,SC Wiener Viktoria,1,4,15,32,4,19,0,4,12,28,3,17,4
Sudan League,Al Shorta,0,0,Al Ahli Khartoum,2,1,16,16,3,5,1,1,0,0,0,0,0
Sweden Elitettan,Alingsås FC United Women,0,0,Älvsjö AIK Women,4,0,22,5,3,0,4,0,0,0,0,0,0
Sweden 2.div Norra Svealand,IFK Stocksund,0,0,Kungsängens IF,6,1,39,15,7,3,6,1,0,0,0,0,0
Sweden 2.div Norra Svealand,FC Järfälla,0,0,FC Arlanda,0,4,6,25,1,4,0,4,0,0,0,0,0
Sweden 2.div Norrland,Frösö IF,0,2,Ytterhogdals IK,0,1,5,13,1,4,0,1,0,0,0,0,2
Sweden 2.div Norrland,Umeå FC Academy,0,1,Bergnäsets AIK,1,3,13,14,3,3,1,3,0,0,0,0,1
Jordan League,Al-Wehdat,0,0,Ramtha SC,0,1,30,22,2,4,0,1,0,0,0,0,0
Sweden 2.div Södra Götaland,IFK Hässleholm,0,0,FK Karlskrona,1,5,28,41,4,3,1,5,0,0,0,0,0
Argentina Torneo A,CA Douglas Haig,0,0,Defensores de Belgrano VR,1,2,5,10,0,1,1,2,0,0,0,0,0
UEFA Champions League Qualifying,Connah's Quay,0,0,Alashkert FC,0,0,1,2,0,0,0,0,0,0,0,0,0
Brazil U20 League,Flamengo U20,0,0,Resende RJ U20,1,0,5,1,0,0,1,0,0,0,0,0,0
Brazil U20 League,Fluminense RJ U20,0,0,Botafogo RJ U20,0,0,2,6,1,0,0,0,0,0,0,0,0
Brazil U20 League,Cabofriense U20,0,0,America RJ U20,0,0,5,2,0,0,0,0,0,0,0,0,0
Brazil U20 League,Friburguense U20,0,0,Duque de Caxias U20,0,2,2,4,0,0,0,2,0,0,0,0,0
Argentina Torneo A,Ferro Carril Oeste General Pico,0,0,CS Desamparados,1,0,4,3,0,0,1,0,0,0,0,0,0
Argentina Torneo A,Olimpo B Blanca,0,0,Deportivo Madryn,0,0,1,2,0,1,0,0,0,0,0,0,0
Argentina Torneo A,Racing de Cordoba,0,0,Crucero Del Norte,0,0,4,2,0,0,0,0,0,0,0,0,0
Argentina Torneo A,Sportivo Las Parejas,0,0,Defensores Pronunciamiento,0,0,0,3,0,0,0,0,0,0,0,0,0
Argentina Torneo A,Boca Unidos,0,0,Sportivo Belgrano,0,0,0,1,0,1,0,0,0,0,0,0,0
Argentina Torneo A,Club Ciudad de Bolivar,1,0,Club Villa Mitre,0,0,4,1,2,0,0,0,0,0,0,0,1
Argentina Torneo A,Gimnasia C. Uruguay,0,0,Union Sunchales,1,0,5,2,0,0,1,0,0,0,0,0,0
Argentina Torneo A,Independiente Chivilcoy,0,0,Deportivo Camioneros,0,0,2,7,0,0,0,0,0,0,0,0,0
Brazil Campeonato Mineiro U20,Betis FC U20,0,0,America MG U20,0,0,0,1,0,0,0,0,0,0,0,0,0
Brazil Campeonato Mineiro U20,Cruzeiro U20,0,0,Betim FC U20,0,1,1,3,0,1,0,1,0,0,0,0,0
Brazil Campeonato Mineiro U20,Nacional AC U20,0,0,Atletico Mineiro U20,0,0,2,3,0,0,0,0,0,0,0,0,0
Lithuania II Lyga,FK FM Ateitis,0,4,Hegelmann Litauen II,0,9,27,69,3,14,0,6,13,42,3,9,4
UEFA Champions League Qualifying,Slovan Bratislava,2,0,Shamrock Rovers,4,2,56,40,10,5,3,1,28,20,6,2,2
Europe Friendlies,Karlsruher SC,4,0,FC Kufstein,10,0,110,29,25,7,3,0,45,19,7,5,4
Europe Friendlies,FK Radnicki 1923,0,2,Maccabi Netanya,3,5,36,46,6,9,1,2,17,24,2,4,2
Europe Friendlies,SSVg Velbert,0,9,Bochum,2,13,12,47,7,22,2,2,7,22,5,9,9
Europe Friendlies,Stade Lavallois Mayenne FC,1,1,AC Ajaccio,4,6,34,56,8,10,1,0,14,25,5,3,2
Europe Friendlies,AZ,3,0,Top Oss,10,1,52,16,17,2,4,0,21,6,6,0,3
Sweden Elitettan,Borgeby FK Women,1,8,Umeå IK Women,2,7,35,91,3,18,2,4,15,44,1,11,9
Sweden Damallsvenskan,Eskilstuna Utd Women,1,0,AIK Women,8,1,85,40,15,0,1,1,31,26,8,0,1
Sweden 2.div Västra Götaland,IK Tord,0,1,Husqvarna FF,2,5,30,68,5,9,1,3,14,35,1,4,1
Gambia Division 2,Bombada FC,1,0,2nd Infantry Battalion Gambia,3,7,49,45,13,10,2,3,24,24,8,6,1
Gambia Division 2,PSV Wellingara,0,0,Falcons FC,4,4,35,53,6,10,2,0,21,32,4,6,0
Gambia Division 2,Team Rhino FC,4,0,Steve Biko FC,3,4,50,72,14,19,2,1,35,38,8,9,4
Algeria Youth League,NC Magra U21,1,1,CS Constantine U21,1,2,50,58,6,7,0,1,22,43,2,3,2
Lithuania II Lyga,FK Ekranas,1,2,FK Sveikata,7,0,72,28,13,7,7,0,65,18,11,6,3
UEFA Champions League Qualifying,Malmo FF,1,0,Riga FC,1,0,55,9,8,1,1,0,44,7,4,1,1
UEFA Champions League Qualifying,Dinamo Zagreb,2,0,Valur Reykjavik,5,0,57,21,7,1,5,0,54,17,6,1,2
UEFA Champions League Qualifying,KF Teuta,0,2,Sheriff Tiraspol,1,3,46,42,4,10,1,3,36,34,2,10,2
UEFA Champions League Qualifying,Ludogorets Razgrad,0,0,Shakhter Soligorsk,2,3,55,29,8,3,1,3,42,25,6,3,0
UEFA Champions League Qualifying,Maccabi Haifa,1,0,Kairat Almaty,3,2,40,35,3,7,3,0,38,22,3,5,1
Europe Friendlies,VfL Halle 96,0,1,BSG Chemie Leipzig,3,5,51,49,2,1,3,3,44,35,2,0,1
Europe Friendlies,Feldkirchen,0,3,SV Gossendorf Jaz,2,1,30,34,6,7,2,1,18,22,5,5,3
Europe Friendlies,SV Kuchl,4,1,UFC Altenmarkt,7,0,41,17,15,3,6,0,30,15,13,2,5
Europe Friendlies,NK Celje,1,0,Hajduk Split,0,4,30,63,5,10,0,2,27,53,4,7,1
Europe Friendlies,Lokomotiv Moscow,1,1,Aris Salonika,0,6,26,42,4,11,0,4,23,31,3,10,2
Sweden Damallsvenskan,Djurgardens Women,1,0,Pitea IF Women,1,1,31,19,6,3,1,1,24,14,6,3,1
Sweden 2.div Norra Svealand,Kvarnsvedens IK,1,0,Sandvikens AIK FK,2,4,29,23,8,2,1,4,22,19,5,2,1
Sweden 2.div Norra Svealand,Enskede IK,2,3,FC Stockholm Internazionale,3,4,38,36,10,9,3,4,26,31,7,8,5
Sweden 2.div Norra Svealand,Enkopings SK,0,2,Skiljebo SK,1,6,29,32,7,6,1,6,25,29,7,5,2
Sweden 2.div Norra Götaland,Grebbestads IF,0,1,Ahlafors IF,1,4,21,19,1,3,1,2,17,10,1,2,1
Algeria Youth League,NA Hussein Dey U21,2,1,CA Bordj Bou Arreridj U21,6,1,43,31,10,5,6,0,39,27,10,3,3
Algeria Youth League,AS Ain M'lila U21,0,0,Paradou AC U21,4,1,37,37,4,2,4,1,37,37,4,2,0
Argentina Torneo A,Cipolletti,0,0,Juventud Unida Universitario,2,3,22,22,6,4,2,3,21,21,6,4,0
Finland Kolmonen,PP-70,3,1,Ikaalisten Urheilijat,2,1,17,26,6,10,2,1,13,19,5,7,4
Sweden 1.div Södra,Tvååkers IF,1,0,Lindome GIF,3,0,26,12,9,1,2,0,19,8,6,1,1
Sweden 2.div Västra Götaland,BK Astrio,3,2,Västra Frölunda IF,3,2,29,33,5,8,3,1,26,26,4,5,5
Sweden 2.div Västra Götaland,Assyriska BK,1,0,Onsala BK,1,3,24,30,5,6,1,3,19,25,2,4,1
Sweden 2.div Västra Götaland,Ängelholms FF,2,1,Eskilsminne IF,2,4,28,26,3,2,2,2,21,18,1,2,3
Sweden 2.div Västra Götaland,Sävedalens IF,0,1,Torslanda IK,3,1,20,22,2,5,3,1,14,14,2,3,1
Sweden 2.div Södra Götaland,KSF Prespa Birlik,0,1,Hässleholms IF,1,3,16,39,2,4,1,3,10,29,1,3,1
Sweden 2.div Södra Götaland,FC Rosengård 1917,0,1,BK Olympic,5,3,39,33,7,3,3,2,28,26,5,2,1
Sweden 2.div Södra Götaland,Sölvesborgs GoIF,1,0,IFK Berga,1,4,25,47,4,8,0,3,18,40,4,6,1
Sweden 2.div Södra Götaland,Asarums IF FK,1,1,Räppe GOIF,3,3,39,36,6,4,3,3,32,30,5,3,2
Europe Friendlies,St Margarethen,0,5,SC Wiener Viktoria,1,5,18,37,5,22,0,4,12,28,3,17,5
Sudan League,Al Shorta,0,0,Al Ahli Khartoum,2,1,16,17,3,5,2,1,16,16,3,5,0
Sweden Elitettan,Alingsås FC United Women,0,0,Älvsjö AIK Women,4,0,29,9,3,0,4,0,0,0,0,0,0
Sweden 2.div Norra Svealand,IFK Stocksund,0,0,Kungsängens IF,6,2,50,18,7,3,6,2,0,0,0,0,0
Sweden 2.div Norra Svealand,FC Järfälla,0,0,FC Arlanda,0,6,8,31,1,5,0,6,0,0,0,0,0
Sweden 2.div Norrland,Frösö IF,0,2,Ytterhogdals IK,0,1,6,17,1,5,0,1,0,0,0,0,2
Sweden 2.div Norrland,Umeå FC Academy,0,1,Bergnäsets AIK,1,3,16,18,3,7,1,3,0,0,0,0,1
Jordan League,Al-Wehdat,1,0,Ramtha SC,0,1,36,27,5,7,0,1,0,0,0,0,1
Sweden 2.div Södra Götaland,IFK Hässleholm,0,0,FK Karlskrona,2,5,35,48,6,5,2,5,0,0,0,0,0
Argentina Torneo A,CA Douglas Haig,0,0,Defensores de Belgrano VR,1,2,16,16,1,1,1,2,0,0,0,0,0
UEFA Champions League Qualifying,Connah's Quay,0,0,Alashkert FC,0,0,3,12,0,0,0,0,0,0,0,0,0
Brazil U20 League,Flamengo U20,0,0,Resende RJ U20,2,1,13,6,0,2,2,1,0,0,0,0,0
Brazil U20 League,Fluminense RJ U20,0,0,Botafogo RJ U20,0,0,6,10,5,1,0,0,0,0,0,0,0
Brazil U20 League,Cabofriense U20,0,0,America RJ U20,0,0,9,5,0,1,0,0,0,0,0,0,0
Brazil U20 League,Friburguense U20,0,0,Duque de Caxias U20,0,2,5,12,1,1,0,2,0,0,0,0,0
Argentina Torneo A,Ferro Carril Oeste General Pico,0,0,CS Desamparados,2,0,12,4,2,0,2,0,0,0,0,0,0
Argentina Torneo A,Juventud Unida G.,0,0,Sarmiento de Resistencia,0,1,0,3,0,1,0,1,0,0,0,0,0
Argentina Torneo A,Sportivo Penarol,0,0,Sol de Mayo,0,1,1,2,0,1,0,1,0,0,0,0,0
Argentina Torneo A,Olimpo B Blanca,0,0,Deportivo Madryn,0,0,8,8,1,1,0,0,0,0,0,0,0
Argentina Torneo A,Racing de Cordoba,0,0,Crucero Del Norte,0,0,15,5,0,0,0,0,0,0,0,0,0
Argentina Torneo A,Sportivo Las Parejas,0,1,Defensores Pronunciamiento,0,1,12,7,0,4,0,1,0,0,0,0,1
Argentina Torneo A,Boca Unidos,0,0,Sportivo Belgrano,1,1,3,6,1,2,1,1,0,0,0,0,0
Argentina Torneo A,Club Ciudad de Bolivar,2,0,Club Villa Mitre,0,0,11,5,5,1,0,0,0,0,0,0,2
Argentina Torneo A,Gimnasia C. Uruguay,0,0,Union Sunchales,2,0,9,4,2,0,2,0,0,0,0,0,0
Argentina Torneo A,Independiente Chivilcoy,1,0,Deportivo Camioneros,1,0,12,11,1,0,1,0,0,0,0,0,1
Brazil Campeonato Mineiro U20,Betis FC U20,0,0,America MG U20,0,1,1,7,0,0,0,1,0,0,0,0,0
Brazil Campeonato Mineiro U20,Cruzeiro U20,0,0,Betim FC U20,1,1,5,7,1,3,1,1,0,0,0,0,0
Brazil Campeonato Mineiro U20,Nacional AC U20,0,0,Atletico Mineiro U20,1,0,6,6,1,0,1,0,0,0,0,0,0
UEFA Champions League Qualifying,Slovan Bratislava,2,0,Shamrock Rovers,4,2,59,44,11,5,3,1,28,20,6,2,2
Gambia Division 2,PSV Wellingara,0,1,Falcons FC,6,4,40,57,7,11,2,0,21,32,4,6,1
Gambia Division 2,Team Rhino FC,4,0,Steve Biko FC,3,5,52,79,15,22,2,1,35,38,8,9,4
Algeria Youth League,NC Magra U21,2,1,CS Constantine U21,1,2,56,62,7,7,0,1,22,43,2,3,3
Lithuania II Lyga,FK Ekranas,1,2,FK Sveikata,10,0,86,29,15,7,7,0,65,18,11,6,3
UEFA Champions League Qualifying,Malmo FF,1,0,Riga FC,3,0,62,10,11,1,1,0,44,7,4,1,1
UEFA Champions League Qualifying,Dinamo Zagreb,2,0,Valur Reykjavik,5,0,64,26,8,2,5,0,54,17,6,1,2
UEFA Champions League Qualifying,KF Teuta,0,3,Sheriff Tiraspol,2,3,57,47,7,12,1,3,36,34,2,10,3
UEFA Champions League Qualifying,Ludogorets Razgrad,0,0,Shakhter Soligorsk,4,5,69,35,11,5,1,3,42,25,6,3,0
UEFA Champions League Qualifying,Maccabi Haifa,1,0,Kairat Almaty,5,2,52,38,5,7,3,0,38,22,3,5,1
Europe Friendlies,VfL Halle 96,0,1,BSG Chemie Leipzig,3,5,52,55,2,2,3,3,44,35,2,0,1
Europe Friendlies,Feldkirchen,0,3,SV Gossendorf Jaz,2,1,35,37,8,9,2,1,18,22,5,5,3
Europe Friendlies,SV Kuchl,4,1,UFC Altenmarkt,7,3,44,19,16,4,6,0,30,15,13,2,5
Europe Friendlies,NK Celje,1,0,Hajduk Split,1,4,39,70,6,10,0,2,27,53,4,7,1
Europe Friendlies,Lokomotiv Moscow,1,2,Aris Salonika,1,6,33,48,5,13,0,4,23,31,3,10,3
Sweden Damallsvenskan,Djurgardens Women,2,0,Pitea IF Women,1,2,35,25,9,3,1,1,24,14,6,3,2
Sweden 2.div Norra Svealand,Kvarnsvedens IK,1,0,Sandvikens AIK FK,2,4,31,26,9,3,1,4,22,19,5,2,1
Sweden 2.div Norra Svealand,Enskede IK,2,3,FC Stockholm Internazionale,6,4,47,41,12,10,3,4,26,31,7,8,5
Sweden 2.div Norra Svealand,Enkopings SK,0,3,Skiljebo SK,3,7,36,36,7,7,1,6,25,29,7,5,3
Sweden 2.div Norra Götaland,Grebbestads IF,0,1,Ahlafors IF,2,4,24,21,2,4,1,2,17,10,1,2,1
Algeria Youth League,NA Hussein Dey U21,2,1,CA Bordj Bou Arreridj U21,7,1,54,34,10,5,6,0,39,27,10,3,3
Algeria Youth League,AS Ain M'lila U21,1,1,Paradou AC U21,4,1,42,40,5,3,4,1,37,37,4,2,2
Argentina Torneo A,Cipolletti,0,0,Juventud Unida Universitario,2,3,27,27,9,7,2,3,21,21,6,4,0
Finland Kolmonen,PP-70,3,1,Ikaalisten Urheilijat,2,3,19,32,7,11,2,1,13,19,5,7,4
Sweden 1.div Södra,Tvååkers IF,1,0,Lindome GIF,3,2,28,15,10,3,2,0,19,8,6,1,1
Sweden 2.div Västra Götaland,BK Astrio,3,2,Västra Frölunda IF,3,2,32,36,5,8,3,1,26,26,4,5,5
Sweden 2.div Västra Götaland,Assyriska BK,1,0,Onsala BK,1,4,28,39,6,7,1,3,19,25,2,4,1
Sweden 2.div Västra Götaland,Ängelholms FF,2,1,Eskilsminne IF,2,4,30,29,3,2,2,2,21,18,1,2,3
Sweden 2.div Västra Götaland,Sävedalens IF,0,1,Torslanda IK,4,1,24,27,4,5,3,1,14,14,2,3,1
Sweden 2.div Södra Götaland,KSF Prespa Birlik,0,2,Hässleholms IF,1,3,20,41,3,5,1,3,10,29,1,3,2
Sweden 2.div Södra Götaland,FC Rosengård 1917,0,1,BK Olympic,5,3,51,35,7,3,3,2,28,26,5,2,1
Sweden 2.div Södra Götaland,Sölvesborgs GoIF,2,0,IFK Berga,1,5,28,55,5,9,0,3,18,40,4,6,2
Sweden 2.div Södra Götaland,Asarums IF FK,2,1,Räppe GOIF,4,4,48,43,8,4,3,3,32,30,5,3,3
Europe Friendlies,St Margarethen,0,5,SC Wiener Viktoria,1,5,19,47,5,27,0,4,12,28,3,17,5
Sudan League,Al Shorta,1,0,Al Ahli Khartoum,3,1,23,20,5,5,2,1,16,16,3,5,1
Sweden 2.div Norra Svealand,IFK Stocksund,0,0,Kungsängens IF,6,3,51,20,8,4,6,3,51,20,8,4,0
Sweden 2.div Norra Svealand,FC Järfälla,0,0,FC Arlanda,0,6,9,32,1,5,0,6,9,32,1,5,0
Sweden 2.div Norrland,Frösö IF,0,2,Ytterhogdals IK,0,1,9,18,1,5,0,1,9,18,1,5,2
Sweden 2.div Norrland,Umeå FC Academy,0,1,Bergnäsets AIK,1,3,17,18,3,7,1,3,17,18,3,7,1
Jordan League,Al-Wehdat,1,0,Ramtha SC,1,2,43,32,7,7,1,2,43,32,7,7,1
Sweden 2.div Södra Götaland,IFK Hässleholm,0,0,FK Karlskrona,2,5,37,48,7,5,2,5,37,48,7,5,0
Sweden Elitettan,Alingsås FC United Women,0,0,Älvsjö AIK Women,4,0,34,14,5,1,4,0,0,0,0,0,0
Argentina Torneo A,CA Douglas Haig,0,0,Defensores de Belgrano VR,2,5,23,23,2,1,2,5,0,0,0,0,0
UEFA Champions League Qualifying,Connah's Quay,1,1,Alashkert FC,0,0,6,18,1,2,0,0,0,0,0,0,2
Brazil U20 League,Flamengo U20,0,0,Resende RJ U20,3,1,23,10,3,2,3,1,0,0,0,0,0
Brazil U20 League,Fluminense RJ U20,0,0,Botafogo RJ U20,0,0,11,15,6,3,0,0,0,0,0,0,0
Brazil U20 League,Cabofriense U20,0,0,America RJ U20,1,1,14,14,0,2,1,1,0,0,0,0,0
Brazil U20 League,Friburguense U20,0,0,Duque de Caxias U20,0,3,7,19,1,5,0,3,0,0,0,0,0
Argentina Torneo A,Ferro Carril Oeste General Pico,0,1,CS Desamparados,2,0,19,7,2,1,2,0,0,0,0,0,1
Argentina Torneo A,Juventud Unida G.,0,0,Sarmiento de Resistencia,0,2,5,8,0,3,0,2,0,0,0,0,0
Argentina Torneo A,Sportivo Penarol,0,0,Sol de Mayo,0,1,5,10,2,2,0,1,0,0,0,0,0
Argentina Torneo A,Olimpo B Blanca,0,0,Deportivo Madryn,0,0,16,14,3,1,0,0,0,0,0,0,0
Argentina Torneo A,Racing de Cordoba,0,0,Crucero Del Norte,0,0,21,10,0,0,0,0,0,0,0,0,0
Argentina Torneo A,Sportivo Las Parejas,0,1,Defensores Pronunciamiento,0,1,22,11,3,4,0,1,0,0,0,0,1
Argentina Torneo A,Boca Unidos,0,0,Sportivo Belgrano,1,2,8,11,3,2,1,2,0,0,0,0,0
Argentina Torneo A,Club Ciudad de Bolivar,2,0,Club Villa Mitre,0,0,13,11,6,2,0,0,0,0,0,0,2
Argentina Torneo A,Gimnasia C. Uruguay,0,0,Union Sunchales,5,0,19,4,3,0,5,0,0,0,0,0,0
Argentina Torneo A,Independiente Chivilcoy,1,0,Deportivo Camioneros,1,0,21,29,1,1,1,0,0,0,0,0,1
Brazil Campeonato Mineiro U20,Betis FC U20,0,0,America MG U20,0,1,1,9,0,1,0,1,0,0,0,0,0
Brazil Campeonato Mineiro U20,Cruzeiro U20,0,0,Betim FC U20,2,1,10,10,3,5,2,1,0,0,0,0,0
Brazil Campeonato Mineiro U20,Nacional AC U20,0,0,Atletico Mineiro U20,2,0,10,8,2,0,2,0,0,0,0,0,0
Morocco GNF 1,OC Safi,0,0,SC Chabab Mohamedia,0,0,2,3,0,1,0,0,0,0,0,0,0
Algeria Youth League,NC Magra U21,2,3,CS Constantine U21,2,3,63,72,10,10,0,1,22,43,2,3,5
Lithuania II Lyga,FK Ekranas,2,2,FK Sveikata,10,2,103,37,17,10,7,0,65,18,11,6,4
UEFA Champions League Qualifying,Malmo FF,1,0,Riga FC,3,0,71,16,11,1,1,0,44,7,4,1,1
UEFA Champions League Qualifying,Dinamo Zagreb,3,0,Valur Reykjavik,6,0,72,31,11,2,5,0,54,17,6,1,3
UEFA Champions League Qualifying,KF Teuta,0,3,Sheriff Tiraspol,5,3,72,51,7,12,1,3,36,34,2,10,3
UEFA Champions League Qualifying,Ludogorets Razgrad,0,0,Shakhter Soligorsk,6,5,86,36,15,5,1,3,42,25,6,3,0
UEFA Champions League Qualifying,Maccabi Haifa,1,1,Kairat Almaty,5,3,58,44,6,10,3,0,38,22,3,5,2
Europe Friendlies,VfL Halle 96,0,1,BSG Chemie Leipzig,3,7,55,69,2,2,3,3,44,35,2,0,1
Europe Friendlies,Feldkirchen,0,4,SV Gossendorf Jaz,3,1,47,44,13,11,2,1,18,22,5,5,4
Europe Friendlies,SV Kuchl,4,1,UFC Altenmarkt,8,4,53,23,18,4,6,0,30,15,13,2,5
Europe Friendlies,NK Celje,2,0,Hajduk Split,1,6,44,84,7,11,0,2,27,53,4,7,2
Europe Friendlies,Lokomotiv Moscow,1,2,Aris Salonika,2,9,41,58,6,15,0,4,23,31,3,10,3
Sweden Damallsvenskan,Djurgardens Women,2,0,Pitea IF Women,1,3,39,35,9,5,1,1,24,14,6,3,2
Sweden 2.div Norra Svealand,Kvarnsvedens IK,1,0,Sandvikens AIK FK,2,5,39,32,11,5,1,4,22,19,5,2,1
Sweden 2.div Norra Svealand,Enskede IK,2,3,FC Stockholm Internazionale,8,4,60,46,13,10,3,4,26,31,7,8,5
Sweden 2.div Norra Svealand,Enkopings SK,0,3,Skiljebo SK,6,7,43,41,8,9,1,6,25,29,7,5,3
Sweden 2.div Norra Götaland,Grebbestads IF,0,1,Ahlafors IF,3,4,30,26,3,6,1,2,17,10,1,2,1
Algeria Youth League,NA Hussein Dey U21,3,1,CA Bordj Bou Arreridj U21,7,3,61,42,12,5,6,0,39,27,10,3,4
Algeria Youth League,AS Ain M'lila U21,2,2,Paradou AC U21,4,1,50,50,6,5,4,1,37,37,4,2,4
Argentina Torneo A,Cipolletti,0,0,Juventud Unida Universitario,3,4,35,32,14,8,2,3,21,21,6,4,0
Finland Kolmonen,PP-70,4,3,Ikaalisten Urheilijat,2,3,23,36,9,14,2,1,13,19,5,7,7
Sweden 1.div Södra,Tvååkers IF,1,0,Lindome GIF,4,2,34,19,12,3,2,0,19,8,6,1,1
Sweden 2.div Västra Götaland,BK Astrio,3,3,Västra Frölunda IF,5,2,41,39,7,10,3,1,26,26,4,5,6
Sweden 2.div Västra Götaland,Assyriska BK,2,0,Onsala BK,1,5,36,48,8,7,1,3,19,25,2,4,2
Sweden 2.div Västra Götaland,Ängelholms FF,2,1,Eskilsminne IF,2,4,35,37,4,2,2,2,21,18,1,2,3
Sweden 2.div Västra Götaland,Sävedalens IF,0,1,Torslanda IK,4,1,27,29,5,5,3,1,14,14,2,3,1
Sweden 2.div Södra Götaland,KSF Prespa Birlik,0,2,Hässleholms IF,2,3,26,49,3,6,1,3,10,29,1,3,2
Sweden 2.div Södra Götaland,FC Rosengård 1917,0,1,BK Olympic,5,3,64,37,9,3,3,2,28,26,5,2,1
Sweden 2.div Södra Götaland,Sölvesborgs GoIF,2,0,IFK Berga,2,6,33,64,7,12,0,3,18,40,4,6,2
Sweden 2.div Södra Götaland,Asarums IF FK,3,1,Räppe GOIF,6,7,58,53,10,5,3,3,32,30,5,3,4
Europe Friendlies,St Margarethen,0,5,SC Wiener Viktoria,1,6,20,55,6,29,0,4,12,28,3,17,5
Sudan League,Al Shorta,1,0,Al Ahli Khartoum,3,2,28,27,5,6,2,1,16,16,3,5,1
Sweden Elitettan,Alingsås FC United Women,0,0,Älvsjö AIK Women,4,0,38,17,9,1,4,0,38,17,9,1,0
Sweden 2.div Norra Svealand,IFK Stocksund,0,0,Kungsängens IF,7,3,58,20,9,4,6,3,51,20,8,4,0
Sweden 2.div Norra Svealand,FC Järfälla,0,0,FC Arlanda,0,6,12,32,2,5,0,6,9,32,1,5,0
Sweden 2.div Norrland,Frösö IF,0,2,Ytterhogdals IK,0,1,9,20,1,5,0,1,9,18,1,5,2
Sweden 2.div Norrland,Umeå FC Academy,0,1,Bergnäsets AIK,1,3,24,22,5,7,1,3,17,18,3,7,1
Jordan League,Al-Wehdat,1,0,Ramtha SC,1,2,43,32,7,7,1,2,43,32,7,7,1
Sweden 2.div Södra Götaland,IFK Hässleholm,0,0,FK Karlskrona,2,6,38,54,7,5,2,5,37,48,7,5,0
Argentina Torneo A,CA Douglas Haig,0,2,Defensores de Belgrano VR,3,5,36,28,4,3,3,5,0,0,0,0,2
UEFA Champions League Qualifying,Connah's Quay,1,1,Alashkert FC,0,0,11,32,1,6,0,0,0,0,0,0,2
Brazil U20 League,Flamengo U20,0,0,Resende RJ U20,3,2,35,15,3,3,3,2,0,0,0,0,0
Brazil U20 League,Fluminense RJ U20,0,0,Botafogo RJ U20,0,0,17,19,8,4,0,0,0,0,0,0,0
Brazil U20 League,Cabofriense U20,0,0,America RJ U20,1,4,22,28,2,3,1,4,0,0,0,0,0
Brazil U20 League,Friburguense U20,2,0,Duque de Caxias U20,0,4,8,33,3,10,0,4,0,0,0,0,2
Argentina Torneo A,Ferro Carril Oeste General Pico,0,1,CS Desamparados,4,0,32,13,4,2,4,0,0,0,0,0,1
Argentina Torneo A,Juventud Unida G.,0,0,Sarmiento de Resistencia,1,3,13,18,1,8,1,3,0,0,0,0,0
Argentina Torneo A,Sportivo Penarol,0,0,Sol de Mayo,1,1,12,14,5,3,1,1,0,0,0,0,0
Argentina Torneo A,Olimpo B Blanca,1,0,Deportivo Madryn,3,0,26,19,6,2,3,0,0,0,0,0,1
Argentina Torneo A,Racing de Cordoba,0,0,Crucero Del Norte,1,1,31,16,1,1,1,1,0,0,0,0,0
Argentina Torneo A,Sportivo Las Parejas,0,1,Defensores Pronunciamiento,1,1,36,22,3,4,1,1,0,0,0,0,1
Argentina Torneo A,Boca Unidos,0,0,Sportivo Belgrano,2,3,17,20,4,4,2,3,0,0,0,0,0
Argentina Torneo A,Club Ciudad de Bolivar,2,0,Club Villa Mitre,2,0,20,22,8,4,2,0,0,0,0,0,2
Argentina Torneo A,Gimnasia C. Uruguay,0,0,Union Sunchales,5,1,24,8,3,0,5,1,0,0,0,0,0
Argentina Torneo A,Independiente Chivilcoy,1,0,Deportivo Camioneros,2,0,33,37,3,2,2,0,0,0,0,0,1
Brazil Campeonato Mineiro U20,Betis FC U20,1,0,America MG U20,0,2,5,11,2,1,0,2,0,0,0,0,1
Brazil Campeonato Mineiro U20,Cruzeiro U20,1,0,Betim FC U20,2,1,12,18,5,7,2,1,0,0,0,0,1
Brazil Campeonato Mineiro U20,Nacional AC U20,0,0,Atletico Mineiro U20,4,1,15,15,4,0,4,1,0,0,0,0,0
Morocco GNF 1,OC Safi,0,0,SC Chabab Mohamedia,1,0,8,5,0,2,1,0,0,0,0,0,0
Brazil Campeonato Cearense B,CE Uniao,0,0,Cariri,0,0,0,2,0,0,0,0,0,0,0,0,0
Algeria Youth League,AS Ain M'lila U21,2,2,Paradou AC U21,4,1,70,65,9,7,4,1,37,37,4,2,4
Argentina Torneo A,Cipolletti,0,1,Juventud Unida Universitario,3,4,47,45,17,11,2,3,21,21,6,4,1
Sudan League,Al Shorta,2,0,Al Ahli Khartoum,3,3,35,40,6,6,2,1,16,16,3,5,2
Sweden Elitettan,Alingsås FC United Women,0,0,Älvsjö AIK Women,4,5,42,33,12,5,4,0,38,17,9,1,0
Sweden 2.div Norra Svealand,IFK Stocksund,0,2,Kungsängens IF,7,3,73,32,10,6,6,3,51,20,8,4,2
Sweden 2.div Norra Svealand,FC Järfälla,3,0,FC Arlanda,0,6,24,37,5,7,0,6,9,32,1,5,3
Sweden 2.div Norrland,Frösö IF,1,3,Ytterhogdals IK,0,3,24,32,2,6,0,1,9,18,1,5,4
Sweden 2.div Norrland,Umeå FC Academy,0,1,Bergnäsets AIK,1,5,36,37,8,12,1,3,17,18,3,7,1
Jordan League,Al-Wehdat,1,2,Ramtha SC,1,2,57,37,9,12,1,2,43,32,7,7,3
Sweden 2.div Södra Götaland,IFK Hässleholm,0,1,FK Karlskrona,2,8,55,67,9,9,2,5,37,48,7,5,1
Argentina Torneo A,CA Douglas Haig,0,2,Defensores de Belgrano VR,3,6,44,31,4,3,3,5,38,28,4,3,2
UEFA Champions League Qualifying,Connah's Quay,1,2,Alashkert FC,0,2,15,43,1,8,0,2,15,43,1,8,3
Brazil U20 League,Flamengo U20,0,1,Resende RJ U20,5,2,50,17,5,4,5,2,50,17,5,4,1
Brazil U20 League,Fluminense RJ U20,0,0,Botafogo RJ U20,0,2,24,27,9,8,0,2,24,27,9,8,0
Brazil U20 League,Cabofriense U20,0,0,America RJ U20,1,5,24,38,2,5,1,5,24,38,2,5,0
Brazil U20 League,Friburguense U20,2,1,Duque de Caxias U20,2,4,16,36,6,12,2,4,16,36,6,12,3
Argentina Torneo A,Ferro Carril Oeste General Pico,0,1,CS Desamparados,5,0,40,16,7,2,5,0,40,16,7,2,1
Argentina Torneo A,Juventud Unida G.,1,1,Sarmiento de Resistencia,1,4,20,27,4,9,1,4,20,27,4,9,2
Argentina Torneo A,Sportivo Penarol,0,0,Sol de Mayo,1,1,22,18,9,5,1,1,22,18,9,5,0
Argentina Torneo A,Olimpo B Blanca,1,0,Deportivo Madryn,4,0,39,23,8,2,4,0,39,23,8,2,1
Argentina Torneo A,Racing de Cordoba,0,0,Crucero Del Norte,1,1,44,30,4,2,1,1,44,30,4,2,0
Argentina Torneo A,Sportivo Las Parejas,0,1,Defensores Pronunciamiento,1,1,57,27,6,4,1,1,57,27,6,4,1
Argentina Torneo A,Boca Unidos,0,0,Sportivo Belgrano,2,4,22,26,6,8,2,4,22,26,6,8,0
Argentina Torneo A,Club Ciudad de Bolivar,2,0,Club Villa Mitre,2,0,25,26,9,4,2,0,25,26,9,4,2
Argentina Torneo A,Gimnasia C. Uruguay,0,0,Union Sunchales,5,1,27,11,5,0,5,1,27,11,5,0,0
Argentina Torneo A,Independiente Chivilcoy,1,0,Deportivo Camioneros,2,0,44,46,4,2,2,0,44,46,4,2,1
Brazil Campeonato Mineiro U20,Betis FC U20,1,0,America MG U20,1,4,8,18,2,1,1,4,8,18,2,1,1
Brazil Campeonato Mineiro U20,Cruzeiro U20,1,0,Betim FC U20,2,2,15,24,8,10,2,2,15,24,8,10,1
Brazil Campeonato Mineiro U20,Nacional AC U20,0,0,Atletico Mineiro U20,5,1,16,20,5,1,5,1,16,20,5,1,0
Morocco GNF 1,OC Safi,0,1,SC Chabab Mohamedia,1,0,13,14,1,6,1,0,0,0,0,0,1
Brazil Campeonato Cearense B,CE Uniao,0,0,Cariri,3,1,12,14,2,2,3,1,0,0,0,0,0
Argentina Torneo A,Club Circulo Deportivo,0,0,Sansinena,0,3,7,11,0,2,0,3,0,0,0,0,0
Northern Ireland Premier League Women,Sion Swifts Women,0,0,Glentoran Belfast United LFC Women,0,0,10,10,0,0,0,0,0,0,0,0,0
Sweden Elitettan,Alingsås FC United Women,0,0,Älvsjö AIK Women,4,6,42,36,12,6,4,0,38,17,9,1,0
Sweden 2.div Norra Svealand,IFK Stocksund,0,2,Kungsängens IF,7,3,85,34,12,7,6,3,51,20,8,4,2
Sweden 2.div Norra Svealand,FC Järfälla,3,1,FC Arlanda,0,6,29,41,6,9,0,6,9,32,1,5,4
Sweden 2.div Norrland,Frösö IF,1,3,Ytterhogdals IK,0,3,27,37,3,7,0,1,9,18,1,5,4
Sweden 2.div Norrland,Umeå FC Academy,0,1,Bergnäsets AIK,1,7,41,43,9,12,1,3,17,18,3,7,1
Jordan League,Al-Wehdat,1,2,Ramtha SC,4,2,70,38,11,13,1,2,43,32,7,7,3
Sweden 2.div Södra Götaland,IFK Hässleholm,0,2,FK Karlskrona,5,8,72,72,9,10,2,5,37,48,7,5,2
Argentina Torneo A,CA Douglas Haig,0,2,Defensores de Belgrano VR,3,6,50,33,6,3,3,5,38,28,4,3,2
UEFA Champions League Qualifying,Connah's Quay,1,2,Alashkert FC,0,2,16,44,1,8,0,2,15,43,1,8,3
Brazil U20 League,Flamengo U20,1,1,Resende RJ U20,5,2,53,17,6,4,5,2,50,17,5,4,2
Brazil U20 League,Fluminense RJ U20,0,0,Botafogo RJ U20,0,2,25,30,9,8,0,2,24,27,9,8,0
Brazil U20 League,Cabofriense U20,0,0,America RJ U20,1,5,26,45,2,6,1,5,24,38,2,5,0
Brazil U20 League,Friburguense U20,2,2,Duque de Caxias U20,3,5,24,38,6,13,2,4,16,36,6,12,4
Argentina Torneo A,Ferro Carril Oeste General Pico,0,1,CS Desamparados,5,0,45,20,8,4,5,0,40,16,7,2,1
Argentina Torneo A,Juventud Unida G.,1,1,Sarmiento de Resistencia,1,4,20,27,4,9,1,4,20,27,4,9,2
Argentina Torneo A,Sportivo Penarol,0,0,Sol de Mayo,1,1,22,18,9,5,1,1,22,18,9,5,0
Argentina Torneo A,Olimpo B Blanca,1,0,Deportivo Madryn,4,0,43,26,8,3,4,0,39,23,8,2,1
Argentina Torneo A,Racing de Cordoba,0,0,Crucero Del Norte,1,1,48,31,4,2,1,1,44,30,4,2,0
Argentina Torneo A,Sportivo Las Parejas,0,1,Defensores Pronunciamiento,1,1,60,28,7,4,1,1,57,27,6,4,1
Argentina Torneo A,Boca Unidos,0,0,Sportivo Belgrano,2,4,23,27,6,9,2,4,22,26,6,8,0
Argentina Torneo A,Club Ciudad de Bolivar,2,0,Club Villa Mitre,2,1,27,33,9,4,2,0,25,26,9,4,2
Argentina Torneo A,Gimnasia C. Uruguay,0,0,Union Sunchales,5,1,28,14,5,1,5,1,27,11,5,0,0
Argentina Torneo A,Independiente Chivilcoy,1,0,Deportivo Camioneros,2,0,56,51,5,2,2,0,44,46,4,2,1
Brazil Campeonato Mineiro U20,Betis FC U20,1,0,America MG U20,1,4,8,18,2,1,1,4,8,18,2,1,1
Brazil Campeonato Mineiro U20,Cruzeiro U20,1,0,Betim FC U20,2,4,17,30,8,12,2,2,15,24,8,10,1
Brazil Campeonato Mineiro U20,Nacional AC U20,0,0,Atletico Mineiro U20,5,1,17,24,6,3,5,1,16,20,5,1,0
Morocco GNF 1,OC Safi,0,1,SC Chabab Mohamedia,1,0,14,16,1,6,1,0,14,16,1,6,1
Brazil Campeonato Cearense B,CE Uniao,0,0,Cariri,4,1,18,19,2,3,4,1,0,0,0,0,0
Argentina Torneo A,Club Circulo Deportivo,0,0,Sansinena,0,3,8,22,0,4,0,3,0,0,0,0,0
Northern Ireland Premier League Women,Sion Swifts Women,0,0,Glentoran Belfast United LFC Women,0,0,19,17,2,0,0,0,0,0,0,0,0
Iceland 4 Deild,Ulfarnir,0,0,Vatnaliljur,1,0,5,4,1,1,1,0,0,0,0,0,0
Algeria Youth League,ES Setif U21,0,0,CR Belouizdad U21,0,0,2,2,1,0,0,0,0,0,0,0,0
Algeria Youth League,USM Alger U21,0,0,USM Bel Abbes U21,0,0,5,2,1,0,0,0,0,0,0,0,0
Algeria Youth League,WA Tlemcen U21,0,0,RC Relizane U21,0,0,1,0,0,0,0,0,0,0,0,0,0
Brazil U20 League,Santos AP U20,0,0,Trem U20,2,2,4,6,0,1,2,2,0,0,0,0,0
Iceland 3 Deild,KFG,0,0,Tindastoll,1,0,4,9,2,2,1,0,0,0,0,0,0
Northern Ireland Premier League Women,Crusaders Strikers Women,0,0,Derry City Women,1,0,4,3,3,1,1,0,0,0,0,0,0
Euro 2020,England,0,0,Denmark,0,0,6,1,0,0,0,0,0,0,0,0,0
Brazil Campeonato Cearense B,CE Uniao,1,0,Cariri,5,4,45,53,6,8,4,2,28,29,3,5,1
Argentina Torneo A,Club Circulo Deportivo,0,0,Sansinena,1,5,24,53,1,8,1,4,16,38,1,6,0
Northern Ireland Premier League Women,Sion Swifts Women,2,0,Glentoran Belfast United LFC Women,3,2,60,69,7,9,2,2,32,39,4,3,2
Iceland 4 Deild,Ulfarnir,1,0,Vatnaliljur,4,1,24,28,11,9,3,1,20,22,8,8,1
Algeria Youth League,ASO Chlef U21,0,0,Olympique Medea U21,3,2,22,17,15,6,3,2,22,17,15,6,0
Algeria Youth League,ES Setif U21,0,0,CR Belouizdad U21,0,3,18,21,2,2,0,2,17,17,2,1,0
Algeria Youth League,USM Alger U21,2,0,USM Bel Abbes U21,3,1,36,10,18,2,2,1,29,7,13,2,2
Algeria Youth League,WA Tlemcen U21,0,0,RC Relizane U21,0,3,22,23,4,5,0,2,22,17,4,4,0
Brazil U20 League,Santos AP U20,0,3,Trem U20,2,6,24,59,2,13,2,4,18,40,0,7,3
Iceland 3 Deild,KFG,1,2,Tindastoll,2,4,26,54,6,11,2,2,25,39,5,10,3
Northern Ireland Premier League Women,Crusaders Strikers Women,2,0,Derry City Women,5,0,33,18,17,3,3,0,26,14,12,3,2
Euro 2020,England,1,1,Denmark,2,2,32,15,5,5,1,1,24,8,4,4,2
Iceland U19 League,Throttur Reyjavik/SR U19,0,2,Stjarnan/KFG/Alftanes U19,1,1,4,10,1,4,1,1,0,0,0,0,2
Iceland 4 Deild,KM Reykjavik,0,3,Alftanes,0,0,2,16,0,7,0,0,0,0,0,0,3
Iceland 4 Deild,Skallagrimur Borgarnes,0,0,SR,0,2,4,9,0,0,0,2,0,0,0,0,0
Iceland 4 Deild,Stokkseyri,1,0,KFB,1,1,13,3,4,1,1,1,0,0,0,0,1
Ecuador Primera B,Cumbaya FC,0,0,America de Quito,1,0,3,4,0,0,1,0,0,0,0,0,0
Dominican Republic Liga,Atletico Vega Real,1,0,Atletico Pantoja,0,1,8,5,1,0,0,1,0,0,0,0,1
Dominican Republic Liga,Atletico De San Francisco,1,0,Atletico San Cristobal,2,0,8,5,1,0,2,0,0,0,0,0,1
Dominican Republic Liga,Delfines Del Este,0,0,Cibao FC,0,0,2,7,0,0,0,0,0,0,0,0,0
USA USL Championship,Charleston Battery,1,0,Pittsburgh Riverhounds,0,0,1,7,1,0,0,0,0,0,0,0,1
Argentina Torneo A,Club Circulo Deportivo,1,1,Sansinena,1,5,34,59,3,11,1,4,16,38,1,6,2
Iceland 4 Deild,Ulfarnir,1,0,Vatnaliljur,5,1,30,36,13,9,3,1,20,22,8,8,1
Algeria Youth League,ASO Chlef U21,0,0,Olympique Medea U21,4,2,31,23,19,8,3,2,22,17,15,6,0
Algeria Youth League,ES Setif U21,0,1,CR Belouizdad U21,0,3,24,26,5,3,0,2,17,17,2,1,1
Algeria Youth League,USM Alger U21,2,0,USM Bel Abbes U21,4,1,44,13,21,2,2,1,29,7,13,2,2
Algeria Youth League,WA Tlemcen U21,0,0,RC Relizane U21,1,3,27,24,4,5,0,2,22,17,4,4,0
Brazil U20 League,Santos AP U20,0,3,Trem U20,2,8,31,78,3,19,2,4,18,40,0,7,3
Iceland 3 Deild,KFG,1,2,Tindastoll,6,4,44,56,10,12,2,2,25,39,5,10,3
Northern Ireland Premier League Women,Crusaders Strikers Women,2,0,Derry City Women,7,1,37,22,22,3,3,0,26,14,12,3,2
Euro 2020,England,1,1,Denmark,3,2,42,17,9,5,1,1,24,8,4,4,2
Iceland U19 League,Throttur Reyjavik/SR U19,0,2,Stjarnan/KFG/Alftanes U19,1,1,9,19,4,5,1,1,0,0,0,0,2
Iceland 4 Deild,KM Reykjavik,0,3,Alftanes,0,3,7,27,0,11,0,3,0,0,0,0,3
Iceland 4 Deild,Skallagrimur Borgarnes,0,0,SR,1,5,11,21,0,2,1,5,0,0,0,0,0
Iceland 4 Deild,Stokkseyri,1,0,KFB,3,1,20,8,6,1,3,1,0,0,0,0,1
Ecuador Primera B,Cumbaya FC,0,0,America de Quito,1,0,10,10,1,3,1,0,0,0,0,0,0
Dominican Republic Liga,Atletico Vega Real,1,0,Atletico Pantoja,0,6,10,19,2,0,0,6,0,0,0,0,1
Dominican Republic Liga,Atletico De San Francisco,1,0,Atletico San Cristobal,2,1,14,11,1,0,2,1,0,0,0,0,1
Dominican Republic Liga,Delfines Del Este,0,0,Cibao FC,1,1,5,10,0,0,1,1,0,0,0,0,0
USA USL Championship,Charleston Battery,1,0,Pittsburgh Riverhounds,0,3,5,13,2,0,0,3,0,0,0,0,1
Womens International,Nicaragua Women,1,0,Dominican Rep Women,3,5,12,12,3,1,2,5,10,12,3,1,1
USA WPSL Women,Chicago Dutch Lions Women,0,1,Chicago Red Stars Reserves Women,4,6,14,25,3,2,3,6,12,19,3,1,1
USA WPSL Women,FC Pride Women,5,0,St. Louis Lions Women,8,0,47,4,24,0,8,0,33,3,15,0,5
USA NPSL,FC Columbus,2,0,FC Indiana,5,2,36,9,14,2,4,1,33,5,13,2,2
USA NPSL,West Chester United,4,1,Torch FC,7,3,39,24,12,8,6,2,34,20,10,6,5
USA USL Championship,Charlotte Independence,2,1,New York Red Bulls II,3,4,38,31,8,7,3,4,35,30,7,7,3
USA USL League Two,Grand Rapids FC,1,2,Oakland County FC,6,0,37,18,11,4,5,0,27,17,7,4,3
Canada Premier League,Atletico Ottawa,0,0,Pacific FC,2,4,11,33,2,9,2,2,11,27,2,5,0
Uruguay Segunda,Cerro,1,0,Villa Teresa,2,4,39,47,2,6,2,4,39,47,2,6,1
USA USL League Two,Toledo Villa FC,0,3,Flint City Bucks,3,5,22,28,2,6,3,5,0,0,0,0,3
USA MLS,CF Montreal,0,1,New York City FC,1,2,10,23,5,6,1,2,0,0,0,0,1
USA USL Championship,Miami FC,1,0,Tampa Bay Rowdies,2,2,31,31,3,2,2,2,0,0,0,0,1
USA USL Championship,Atlanta United II,0,0,Indy Eleven,2,0,33,24,7,2,2,0,0,0,0,0,0
USA USL League Two,Morris Elite,1,2,Cedar Stars Rush,1,4,16,38,5,7,1,4,0,0,0,0,3
America Friendlies,Chattanooga FC,1,2,Appalachian FC,3,1,21,9,6,3,3,1,0,0,0,0,3
USA MLS,Chicago Fire,0,0,Orlando City SC,0,0,3,0,1,0,0,0,0,0,0,0,0
Ecuador Primera B,Guayaquil SC,0,0,El Nacional,0,0,7,3,0,1,0,0,0,0,0,0,0
Peru Segunda,Comerciantes Unidos,0,0,Deportivo Llacuabamba,0,1,6,15,2,3,0,1,0,0,0,0,0
USA NPSL,Milwaukee Torrent,0,0,Panathinaikos Chicago,0,0,6,2,0,0,0,0,0,0,0,0,0
USA NPSL,Duluth FC,0,0,LC Aris,0,0,4,1,2,0,0,0,0,0,0,0,0
USA USL League Two,Long Island Rough Riders,0,0,Manhattan SC,3,0,20,7,2,0,3,0,0,0,0,0,0
USA USL League Two,Des Moines Menace,0,0,Chicago FC United,0,0,3,0,1,0,0,0,0,0,0,0,0
USA USL League Two,Toledo Villa FC,0,4,Flint City Bucks,3,5,26,34,2,7,3,5,26,34,2,7,4
Womens International,Nicaragua Women,1,0,Dominican Rep Women,4,5,16,14,6,1,2,5,10,12,3,1,1
USA WPSL Women,Chicago Dutch Lions Women,0,1,Chicago Red Stars Reserves Women,4,7,15,34,3,3,3,6,12,19,3,1,1
USA WPSL Women,FC Pride Women,8,0,St. Louis Lions Women,8,0,53,4,29,0,8,0,33,3,15,0,8
USA NPSL,FC Columbus,2,0,FC Indiana,6,2,42,10,14,2,4,1,33,5,13,2,2
USA NPSL,West Chester United,4,1,Torch FC,8,3,48,29,15,10,6,2,34,20,10,6,5
USA USL Championship,Charlotte Independence,2,1,New York Red Bulls II,4,4,49,38,9,8,3,4,35,30,7,7,3
USA USL League Two,Grand Rapids FC,1,2,Oakland County FC,9,0,47,20,13,5,5,0,27,17,7,4,3
Canada Premier League,Atletico Ottawa,0,0,Pacific FC,2,6,15,43,2,11,2,2,11,27,2,5,0
Uruguay Segunda,Cerro,1,0,Villa Teresa,2,4,39,47,2,6,2,4,39,47,2,6,1
USA USL Championship,Atlanta United II,0,0,Indy Eleven,3,0,40,31,9,3,3,0,40,31,9,3,0
USA USL League Two,Morris Elite,1,2,Cedar Stars Rush,1,4,19,42,5,8,1,4,19,42,5,8,3
America Friendlies,Chattanooga FC,1,2,Appalachian FC,3,1,25,14,7,4,3,1,25,14,7,4,3
USA MLS,CF Montreal,1,1,New York City FC,1,2,15,26,6,6,1,2,0,0,0,0,2
USA USL Championship,Miami FC,1,0,Tampa Bay Rowdies,2,2,41,45,4,3,2,2,0,0,0,0,1
USA MLS,Chicago Fire,0,0,Orlando City SC,0,1,11,4,3,3,0,1,0,0,0,0,0
Ecuador Primera B,Guayaquil SC,0,0,El Nacional,0,1,12,10,2,3,0,1,0,0,0,0,0
Peru Segunda,Comerciantes Unidos,0,0,Deportivo Llacuabamba,0,1,15,22,4,4,0,1,0,0,0,0,0
USA NPSL,Milwaukee Torrent,0,0,Panathinaikos Chicago,2,2,12,7,2,1,2,2,0,0,0,0,0
USA NPSL,Duluth FC,1,0,LC Aris,3,0,12,3,4,1,3,0,0,0,0,0,1
USA USL League Two,Long Island Rough Riders,0,0,Manhattan SC,3,0,27,15,3,0,3,0,0,0,0,0,0
USA USL League Two,Des Moines Menace,0,0,Chicago FC United,1,0,8,0,2,0,1,0,0,0,0,0,0
